-1.000000000000000000e+00,8.409999999999999910e-12,-1.000000000000000000e+00,9.000000000000001233e-12,-1.000000000000000000e+00,1.705000000000000187e-11,-1.000000000000000000e+00,1.196000000000000154e-11,-1.000000000000000000e+00,3.240000000000000331e-12,-1.000000000000000000e+00,2.400000000000000376e-13,-1.000000000000000000e+00,1.072000000000000117e-11,-1.000000000000000000e+00,9.476000000000000416e-11,-1.000000000000000000e+00,7.730000000000000384e-12,-1.000000000000000000e+00,2.276300000000000194e-10
-9.599999999999999645e-01,1.860000000000000152e-12,nan,nan,-9.599999999999999645e-01,6.314000000000000117e-11,-9.599999999999999645e-01,8.109999999999999976e-12,-9.599999999999999645e-01,1.045000000000000010e-11,-9.599999999999999645e-01,8.380000000000001047e-12,-9.599999999999999645e-01,1.696000000000000205e-11,-9.599999999999999645e-01,9.989000000000000351e-11,-9.599999999999999645e-01,1.134000000000000136e-11,-9.599999999999999645e-01,5.112600000000000522e-10
-9.200000000000000400e-01,9.130000000000000073e-12,nan,nan,-9.200000000000000400e-01,3.643000000000000370e-11,-9.200000000000000400e-01,1.310000000000000073e-12,-9.200000000000000400e-01,7.299999999999999995e-12,-9.200000000000000400e-01,1.860000000000000152e-12,-9.200000000000000400e-01,1.350000000000000104e-12,-9.200000000000000400e-01,6.794000000000000010e-11,-9.200000000000000400e-01,2.850000000000000175e-12,-9.200000000000000400e-01,2.679400000000000074e-10
-8.800000000000000044e-01,6.690000000000000776e-12,nan,nan,-8.800000000000000044e-01,3.918000000000000067e-11,-8.800000000000000044e-01,1.155000000000000147e-11,-8.800000000000000044e-01,8.300000000000000984e-13,-8.800000000000000044e-01,1.050000000000000090e-11,-8.800000000000000044e-01,1.230000000000000050e-11,-8.800000000000000044e-01,9.507000000000000102e-11,-8.800000000000000044e-01,2.920000000000000079e-12,-8.800000000000000044e-01,2.707200000000000226e-10
-8.399999999999999689e-01,2.440000000000000104e-12,nan,nan,-8.399999999999999689e-01,5.836000000000000578e-11,-8.399999999999999689e-01,7.399999999999999972e-12,-8.399999999999999689e-01,8.730000000000000162e-12,-8.399999999999999689e-01,8.430000000000000228e-12,-8.399999999999999689e-01,7.690000000000001362e-12,-8.399999999999999689e-01,6.225000000000000476e-11,-8.399999999999999689e-01,1.094000000000000145e-11,-8.399999999999999689e-01,1.573800000000000035e-10
-8.000000000000000444e-01,8.780000000000000958e-12,nan,nan,-8.000000000000000444e-01,2.406000000000000209e-11,-8.000000000000000444e-01,8.990000000000001073e-12,-8.000000000000000444e-01,9.810000000000001214e-12,-8.000000000000000444e-01,3.000000000000000142e-12,-8.000000000000000444e-01,6.160000000000000409e-12,-8.000000000000000444e-01,5.430000000000000248e-11,-8.000000000000000444e-01,1.042000000000000124e-11,-8.000000000000000444e-01,1.631900000000000072e-10
-7.600000000000000089e-01,1.045000000000000010e-11,nan,nan,-7.600000000000000089e-01,2.092000000000000052e-11,-7.600000000000000089e-01,7.289999999999999835e-12,-7.600000000000000089e-01,4.750000000000000561e-12,-7.600000000000000089e-01,8.120000000000000136e-12,-7.600000000000000089e-01,1.221000000000000068e-11,-7.600000000000000089e-01,6.616000000000000728e-11,-7.600000000000000089e-01,3.130000000000000194e-12,-7.600000000000000089e-01,1.534400000000000150e-10
-7.199999999999999734e-01,2.500000000000000253e-12,nan,nan,-7.199999999999999734e-01,2.986000000000000080e-11,-7.199999999999999734e-01,1.227000000000000164e-11,-7.199999999999999734e-01,4.559999999999999957e-12,-7.199999999999999734e-01,2.360000000000000041e-12,-7.199999999999999734e-01,2.940000000000000397e-12,-7.199999999999999734e-01,5.747000000000000291e-11,-7.199999999999999734e-01,5.000000000000000505e-12,-7.199999999999999734e-01,1.458200000000000196e-10
-6.800000000000000488e-01,6.340000000000000854e-12,nan,nan,-6.800000000000000488e-01,4.130000000000000375e-12,-6.800000000000000488e-01,1.064000000000000151e-11,-6.800000000000000488e-01,9.390000000000000984e-12,-6.800000000000000488e-01,6.250000000000000228e-12,-6.800000000000000488e-01,4.440000000000000468e-12,-6.800000000000000488e-01,4.950000000000000355e-11,-6.800000000000000488e-01,1.527000000000000259e-11,-6.800000000000000488e-01,1.214300000000000139e-10
-6.400000000000000133e-01,9.440000000000000166e-12,nan,nan,-6.400000000000000133e-01,1.863000000000000119e-11,-6.400000000000000133e-01,8.600000000000000716e-13,-6.400000000000000133e-01,8.570000000000000843e-12,-6.400000000000000133e-01,1.024000000000000160e-11,-6.400000000000000133e-01,1.372000000000000051e-11,-6.400000000000000133e-01,6.456000000000000764e-11,-6.400000000000000133e-01,4.990000000000000346e-12,-6.400000000000000133e-01,1.409900000000000218e-10
-5.999999999999999778e-01,6.240000000000000876e-12,nan,nan,-5.999999999999999778e-01,1.447000000000000115e-11,-5.999999999999999778e-01,9.810000000000001214e-12,-5.999999999999999778e-01,6.600000000000000150e-13,-5.999999999999999778e-01,5.810000000000000487e-12,-5.999999999999999778e-01,2.590000000000000071e-12,-5.999999999999999778e-01,4.140000000000000050e-11,-5.999999999999999778e-01,8.220000000000000113e-12,-5.999999999999999778e-01,1.705300000000000046e-10
-5.600000000000000533e-01,2.890000000000000408e-12,nan,nan,-5.600000000000000533e-01,1.320000000000000030e-12,-5.600000000000000533e-01,1.374000000000000083e-11,-5.600000000000000533e-01,8.080000000000001114e-12,-5.600000000000000533e-01,2.570000000000000156e-12,-5.600000000000000533e-01,3.360000000000000223e-12,-5.600000000000000533e-01,3.070000000000000126e-11,-5.600000000000000533e-01,1.242000000000000080e-11,-5.600000000000000533e-01,1.405800000000000202e-10
-5.200000000000000178e-01,1.049000000000000074e-11,nan,nan,-5.200000000000000178e-01,2.222000000000000185e-11,-5.200000000000000178e-01,4.070000000000000227e-12,-5.200000000000000178e-01,9.770000000000000577e-12,-5.200000000000000178e-01,9.260000000000000529e-12,-5.200000000000000178e-01,1.164000000000000129e-11,-5.200000000000000178e-01,4.364000000000000388e-11,-5.200000000000000178e-01,7.550000000000000747e-12,-5.200000000000000178e-01,1.379300000000000086e-10
-4.799999999999999822e-01,8.580000000000001003e-12,nan,nan,-4.799999999999999822e-01,1.168000000000000031e-11,-4.799999999999999822e-01,1.280000000000000039e-11,-4.799999999999999822e-01,4.180000000000000364e-12,-4.799999999999999822e-01,9.090000000000001051e-12,-4.799999999999999822e-01,4.590000000000000435e-12,-4.799999999999999822e-01,1.495000000000000072e-11,-4.799999999999999822e-01,3.530000000000000105e-12,-4.799999999999999822e-01,1.189900000000000203e-10
-4.400000000000000022e-01,2.220000000000000234e-12,nan,nan,-4.400000000000000022e-01,6.170000000000000569e-12,-4.400000000000000022e-01,1.103000000000000127e-11,-4.400000000000000022e-01,5.200000000000000461e-12,-4.400000000000000022e-01,1.680000000000000112e-12,-4.400000000000000022e-01,3.800000000000000469e-13,-4.400000000000000022e-01,1.561000000000000154e-11,-4.400000000000000022e-01,1.258000000000000173e-11,-4.400000000000000022e-01,9.437000000000000602e-11
-4.000000000000000222e-01,6.480000000000000661e-12,nan,nan,-4.000000000000000222e-01,2.081000000000000039e-11,-4.000000000000000222e-01,8.120000000000000136e-12,-4.000000000000000222e-01,1.057000000000000040e-11,-4.000000000000000222e-01,5.510000000000000554e-12,-4.000000000000000222e-01,1.337000000000000139e-11,-4.000000000000000222e-01,2.203000000000000044e-11,-4.000000000000000222e-01,1.286000000000000134e-11,-4.000000000000000222e-01,1.364700000000000209e-10
-3.599999999999999867e-01,1.087000000000000033e-11,nan,nan,-3.599999999999999867e-01,2.360000000000000041e-12,-3.599999999999999867e-01,5.250000000000000450e-12,-3.599999999999999867e-01,7.570000000000001065e-12,-3.599999999999999867e-01,1.024000000000000160e-11,-3.599999999999999867e-01,7.190000000000000665e-12,-3.599999999999999867e-01,1.540000000000000102e-12,-3.599999999999999867e-01,2.070000000000000267e-12,-3.599999999999999867e-01,1.177999999999999965e-10
-3.200000000000000067e-01,5.320000000000000757e-12,nan,nan,-3.200000000000000067e-01,4.580000000000000275e-12,-3.200000000000000067e-01,1.094000000000000145e-11,-3.200000000000000067e-01,1.420000000000000210e-12,-3.200000000000000067e-01,6.290000000000000865e-12,-3.200000000000000067e-01,2.070000000000000267e-12,-3.200000000000000067e-01,1.694000000000000173e-11,-3.200000000000000067e-01,6.140000000000000091e-12,-3.200000000000000067e-01,8.189000000000000104e-11
-2.800000000000000266e-01,2.860000000000000334e-12,nan,nan,-2.800000000000000266e-01,2.003000000000000088e-11,-2.800000000000000266e-01,1.001000000000000117e-11,-2.800000000000000266e-01,8.470000000000000866e-12,-2.800000000000000266e-01,3.600000000000000412e-12,-2.800000000000000266e-01,7.960000000000000817e-12,-2.800000000000000266e-01,2.023000000000000084e-11,-2.800000000000000266e-01,1.345000000000000105e-11,-2.800000000000000266e-01,1.088300000000000135e-10
-2.399999999999999911e-01,9.390000000000000984e-12,nan,nan,-2.399999999999999911e-01,1.940000000000000215e-12,-2.399999999999999911e-01,1.490000000000000113e-12,-2.399999999999999911e-01,9.900000000000001033e-12,-2.399999999999999911e-01,8.880000000000000936e-12,-2.399999999999999911e-01,8.650000000000000503e-12,-2.399999999999999911e-01,6.650000000000000139e-12,-2.399999999999999911e-01,3.740000000000000624e-12,-2.399999999999999911e-01,9.943000000000001233e-11
-2.000000000000000111e-01,9.300000000000001166e-12,nan,nan,-2.000000000000000111e-01,4.350000000000000650e-12,-2.000000000000000111e-01,8.160000000000000773e-12,-2.000000000000000111e-01,2.800000000000000186e-12,-2.000000000000000111e-01,8.980000000000000914e-12,-2.000000000000000111e-01,6.160000000000000409e-12,-2.000000000000000111e-01,2.294000000000000040e-11,-2.000000000000000111e-01,4.710000000000000731e-12,-2.000000000000000111e-01,8.840000000000001268e-11
-1.600000000000000033e-01,3.900000000000000548e-13,nan,nan,-1.600000000000000033e-01,1.232000000000000082e-11,-1.600000000000000033e-01,9.780000000000000736e-12,-1.600000000000000033e-01,5.720000000000000669e-12,-1.600000000000000033e-01,1.470000000000000199e-12,-1.600000000000000033e-01,6.130000000000000739e-12,-1.600000000000000033e-01,1.644000000000000023e-11,-1.600000000000000033e-01,1.280000000000000039e-11,-1.600000000000000033e-01,9.253000000000000256e-11
-1.199999999999999956e-01,6.460000000000000343e-12,nan,nan,-1.199999999999999956e-01,5.240000000000000290e-12,-1.199999999999999956e-01,9.230000000000000051e-12,-1.199999999999999956e-01,1.041000000000000108e-11,-1.199999999999999956e-01,1.074000000000000149e-11,-1.199999999999999956e-01,7.150000000000000836e-12,-1.199999999999999956e-01,2.210000000000000075e-12,-1.199999999999999956e-01,7.399999999999999972e-12,-1.199999999999999956e-01,7.521000000000000446e-11
-8.000000000000000167e-02,1.255000000000000125e-11,nan,nan,-8.000000000000000167e-02,4.840000000000000379e-12,-8.000000000000000167e-02,5.440000000000000246e-12,-8.000000000000000167e-02,7.070000000000000369e-12,-8.000000000000000167e-02,6.610000000000000309e-12,-8.000000000000000167e-02,1.146000000000000166e-11,-8.000000000000000167e-02,2.518000000000000055e-11,-8.000000000000000167e-02,3.100000000000000422e-13,-8.000000000000000167e-02,4.085000000000000628e-11
-4.000000000000000083e-02,2.790000000000000027e-12,nan,nan,-4.000000000000000083e-02,1.038000000000000060e-11,-4.000000000000000083e-02,7.630000000000000406e-12,-4.000000000000000083e-02,2.710000000000000368e-12,-4.000000000000000083e-02,2.400000000000000275e-12,-4.000000000000000083e-02,4.310000000000000012e-12,-4.000000000000000083e-02,9.810000000000001214e-12,-4.000000000000000083e-02,1.328000000000000157e-11,-4.000000000000000083e-02,4.643000000000000148e-11
0.000000000000000000e+00,1.800000000000000156e-13,nan,nan,0.000000000000000000e+00,6.740000000000000765e-12,0.000000000000000000e+00,1.982000000000000238e-11,0.000000000000000000e+00,8.109999999999999976e-12,0.000000000000000000e+00,9.040000000000000254e-12,0.000000000000000000e+00,2.400000000000000275e-12,0.000000000000000000e+00,6.160000000000000409e-12,0.000000000000000000e+00,9.950000000000000214e-12,0.000000000000000000e+00,3.352999999999999950e-11
4.000000000000000083e-02,1.893000000000000274e-11,nan,nan,4.000000000000000083e-02,1.695000000000000028e-11,4.000000000000000083e-02,7.280000000000001291e-12,4.000000000000000083e-02,1.053000000000000138e-11,4.000000000000000083e-02,7.920000000000000180e-12,4.000000000000000083e-02,1.800000000000000247e-11,4.000000000000000083e-02,3.002000000000000335e-11,4.000000000000000083e-02,6.560000000000000320e-12,4.000000000000000083e-02,2.194000000000000062e-11
8.000000000000000167e-02,7.399999999999999972e-12,nan,nan,8.000000000000000167e-02,2.092000000000000052e-11,8.000000000000000167e-02,2.270000000000000223e-12,8.000000000000000167e-02,7.700000000000000512e-13,8.000000000000000167e-02,7.610000000000000087e-12,8.000000000000000167e-02,5.150000000000000472e-12,8.000000000000000167e-02,1.794000000000000151e-11,8.000000000000000167e-02,9.450000000000000325e-12,8.000000000000000167e-02,4.976000000000000446e-11
1.199999999999999956e-01,2.319000000000000277e-11,nan,nan,1.199999999999999956e-01,1.761000000000000110e-11,1.199999999999999956e-01,3.212000000000000127e-11,1.199999999999999956e-01,4.690000000000000413e-12,1.199999999999999956e-01,9.080000000000000892e-12,1.199999999999999956e-01,3.510000000000000190e-12,1.199999999999999956e-01,2.246000000000000244e-11,1.199999999999999956e-01,7.110000000000000198e-12,1.199999999999999956e-01,2.413000000000000159e-11
1.600000000000000033e-01,4.768000000000000363e-11,nan,nan,1.600000000000000033e-01,5.606000000000000468e-11,1.600000000000000033e-01,2.130000000000000012e-11,1.600000000000000033e-01,1.388000000000000144e-11,1.600000000000000033e-01,3.880000000000000431e-12,1.600000000000000033e-01,2.154000000000000071e-11,1.600000000000000033e-01,4.825000000000000140e-11,1.600000000000000033e-01,1.280000000000000039e-11,1.600000000000000033e-01,3.376000000000000155e-11
2.000000000000000111e-01,4.918000000000000491e-11,nan,nan,2.000000000000000111e-01,5.861000000000000492e-11,2.000000000000000111e-01,2.417000000000000223e-11,2.000000000000000111e-01,5.500000000000000798e-13,2.000000000000000111e-01,2.310000000000000052e-12,2.000000000000000111e-01,7.399999999999999972e-12,2.000000000000000111e-01,4.463000000000000511e-11,2.000000000000000111e-01,1.341000000000000041e-11,2.000000000000000111e-01,6.484000000000000563e-11
2.399999999999999911e-01,9.681000000000001259e-11,nan,nan,2.399999999999999911e-01,8.729000000000000307e-11,2.399999999999999911e-01,6.453000000000000877e-11,2.399999999999999911e-01,3.220000000000000416e-12,2.399999999999999911e-01,1.050000000000000171e-12,2.399999999999999911e-01,1.196000000000000154e-11,2.399999999999999911e-01,7.173000000000000717e-11,2.399999999999999911e-01,2.200000000000000218e-13,2.399999999999999911e-01,5.959000000000001084e-11
2.800000000000000266e-01,1.566200000000000237e-10,nan,nan,2.800000000000000266e-01,1.380700000000000206e-10,2.800000000000000266e-01,5.787000000000000282e-11,2.800000000000000266e-01,1.887000000000000179e-11,2.800000000000000266e-01,2.167000000000000117e-11,2.800000000000000266e-01,3.038000000000000262e-11,2.800000000000000266e-01,1.118400000000000114e-10,2.800000000000000266e-01,2.240000000000000149e-11,2.800000000000000266e-01,1.052400000000000031e-10
3.200000000000000067e-01,1.719600000000000193e-10,nan,nan,3.200000000000000067e-01,1.770400000000000163e-10,3.200000000000000067e-01,8.399000000000001188e-11,3.200000000000000067e-01,3.080000000000000205e-12,3.200000000000000067e-01,1.771000000000000269e-11,3.200000000000000067e-01,1.712999999999999991e-11,3.200000000000000067e-01,1.341400000000000145e-10,3.200000000000000067e-01,1.943000000000000102e-11,3.200000000000000067e-01,1.302900000000000226e-10
3.599999999999999867e-01,3.041300000000000137e-10,nan,nan,3.599999999999999867e-01,2.219500000000000194e-10,3.599999999999999867e-01,1.198800000000000038e-10,3.599999999999999867e-01,1.497999999999999958e-11,3.599999999999999867e-01,1.454000000000000065e-11,3.599999999999999867e-01,3.653000000000000207e-11,3.599999999999999867e-01,2.356500000000000083e-10,3.599999999999999867e-01,1.590000000000000132e-11,3.599999999999999867e-01,1.590699999999999997e-10
4.000000000000000222e-01,3.557500000000000381e-10,nan,nan,4.000000000000000222e-01,3.318300000000000318e-10,4.000000000000000222e-01,1.285100000000000039e-10,4.000000000000000222e-01,2.654000000000000283e-11,4.000000000000000222e-01,4.063000000000000600e-11,4.000000000000000222e-01,4.974000000000000091e-11,4.000000000000000222e-01,2.790000000000000188e-10,4.000000000000000222e-01,4.254000000000000251e-11,4.000000000000000222e-01,2.231300000000000091e-10
4.400000000000000022e-01,4.829800000000000217e-10,nan,nan,4.400000000000000022e-01,4.174300000000000257e-10,4.400000000000000022e-01,1.690100000000000192e-10,4.400000000000000022e-01,1.502000000000000022e-11,4.400000000000000022e-01,3.414000000000000437e-11,4.400000000000000022e-01,3.711000000000000161e-11,4.400000000000000022e-01,3.663400000000000502e-10,4.400000000000000022e-01,3.629000000000000470e-11,4.400000000000000022e-01,2.820600000000000062e-10
4.799999999999999822e-01,6.591000000000000297e-10,nan,nan,4.799999999999999822e-01,5.429800000000000213e-10,4.799999999999999822e-01,2.232400000000000222e-10,4.799999999999999822e-01,3.690000000000000312e-11,4.799999999999999822e-01,4.717000000000000358e-11,4.799999999999999822e-01,6.421000000000000367e-11,4.799999999999999822e-01,3.866700000000000203e-10,4.799999999999999822e-01,4.457000000000000093e-11,4.799999999999999822e-01,3.499500000000000168e-10
5.200000000000000178e-01,7.996000000000001132e-10,nan,nan,5.200000000000000178e-01,6.917700000000000834e-10,5.200000000000000178e-01,2.627100000000000161e-10,5.200000000000000178e-01,4.563000000000000166e-11,5.200000000000000178e-01,7.575000000000000984e-11,5.200000000000000178e-01,7.790000000000001017e-11,5.200000000000000178e-01,4.826100000000000529e-10,5.200000000000000178e-01,7.549000000000000246e-11,5.200000000000000178e-01,4.509600000000000123e-10
5.600000000000000533e-01,9.496700000000000924e-10,nan,nan,5.600000000000000533e-01,8.112500000000000678e-10,5.600000000000000533e-01,3.685100000000000540e-10,5.600000000000000533e-01,4.370000000000000161e-11,5.600000000000000533e-01,7.896999999999999975e-11,5.600000000000000533e-01,6.445000000000000750e-11,5.600000000000000533e-01,5.969300000000000263e-10,5.600000000000000533e-01,7.169000000000000007e-11,5.600000000000000533e-01,5.393100000000000743e-10
5.999999999999999778e-01,1.210599999999999935e-09,nan,nan,5.999999999999999778e-01,1.064580000000000061e-09,5.999999999999999778e-01,4.313100000000000336e-10,5.999999999999999778e-01,7.604000000000000315e-11,5.999999999999999778e-01,1.111000000000000093e-10,5.999999999999999778e-01,9.747000000000001341e-11,5.999999999999999778e-01,7.895600000000000114e-10,5.999999999999999778e-01,9.540000000000000143e-11,5.999999999999999778e-01,6.847300000000000746e-10
6.400000000000000133e-01,1.457999999999999928e-09,nan,nan,6.400000000000000133e-01,1.094599999999999922e-09,6.400000000000000133e-01,5.170600000000000736e-10,6.400000000000000133e-01,9.289000000000000183e-11,6.400000000000000133e-01,1.486800000000000232e-10,6.400000000000000133e-01,9.809000000000000714e-11,6.400000000000000133e-01,9.043900000000001205e-10,6.400000000000000133e-01,1.289099999999999974e-10,6.400000000000000133e-01,8.608500000000000827e-10
6.800000000000000488e-01,1.673600000000000094e-09,nan,nan,6.800000000000000488e-01,1.364000000000000046e-09,6.800000000000000488e-01,6.757000000000000551e-10,6.800000000000000488e-01,1.175000000000000078e-10,6.800000000000000488e-01,1.643300000000000157e-10,6.800000000000000488e-01,1.003100000000000134e-10,6.800000000000000488e-01,1.048299999999999989e-09,6.800000000000000488e-01,1.385400000000000200e-10,6.800000000000000488e-01,1.049800000000000035e-09
7.199999999999999734e-01,1.970699999999999822e-09,nan,nan,7.199999999999999734e-01,1.670700000000000031e-09,7.199999999999999734e-01,8.292000000000000937e-10,7.199999999999999734e-01,1.524000000000000114e-10,7.199999999999999734e-01,2.189900000000000110e-10,7.199999999999999734e-01,1.465700000000000171e-10,7.199999999999999734e-01,1.276699999999999944e-09,7.199999999999999734e-01,1.892700000000000092e-10,7.199999999999999734e-01,1.188600000000000011e-09
7.600000000000000089e-01,2.118700000000000139e-09,nan,nan,7.600000000000000089e-01,1.943699999999999812e-09,7.600000000000000089e-01,1.015400000000000030e-09,7.600000000000000089e-01,1.728600000000000111e-10,7.600000000000000089e-01,2.683000000000000454e-10,7.600000000000000089e-01,1.582500000000000222e-10,7.600000000000000089e-01,1.428100000000000063e-09,7.600000000000000089e-01,2.283500000000000180e-10,7.600000000000000089e-01,1.444400000000000099e-09
8.000000000000000444e-01,2.294599999999999914e-09,nan,nan,8.000000000000000444e-01,2.452499999999999958e-09,8.000000000000000444e-01,1.212699999999999959e-09,8.000000000000000444e-01,2.238200000000000088e-10,8.000000000000000444e-01,3.206000000000000096e-10,8.000000000000000444e-01,1.985200000000000031e-10,8.000000000000000444e-01,1.722199999999999905e-09,8.000000000000000444e-01,2.713900000000000317e-10,8.000000000000000444e-01,1.794999999999999902e-09
8.399999999999999689e-01,2.875000000000000102e-09,nan,nan,8.399999999999999689e-01,2.847599999999999969e-09,8.399999999999999689e-01,1.513000000000000049e-09,8.399999999999999689e-01,2.960300000000000107e-10,8.399999999999999689e-01,4.123000000000000135e-10,8.399999999999999689e-01,2.460500000000000447e-10,8.399999999999999689e-01,2.056700000000000146e-09,8.399999999999999689e-01,3.380300000000000207e-10,8.399999999999999689e-01,2.109599999999999829e-09
8.800000000000000044e-01,3.273900000000000037e-09,nan,nan,8.800000000000000044e-01,3.303900000000000140e-09,8.800000000000000044e-01,1.890500000000000037e-09,8.800000000000000044e-01,3.256400000000000253e-10,8.800000000000000044e-01,4.812300000000000019e-10,8.800000000000000044e-01,2.789000000000000398e-10,8.800000000000000044e-01,2.221999999999999978e-09,8.800000000000000044e-01,4.220400000000000232e-10,8.800000000000000044e-01,2.595800000000000073e-09
9.200000000000000400e-01,3.832899999999999865e-09,nan,nan,9.200000000000000400e-01,3.992799999999999695e-09,9.200000000000000400e-01,2.246400000000000018e-09,9.200000000000000400e-01,3.859200000000000487e-10,9.200000000000000400e-01,5.708799999999999973e-10,9.200000000000000400e-01,3.140800000000000156e-10,9.200000000000000400e-01,2.424800000000000147e-09,9.200000000000000400e-01,4.890000000000000691e-10,9.200000000000000400e-01,3.101899999999999804e-09
9.599999999999999645e-01,3.596999999999999883e-09,nan,nan,9.599999999999999645e-01,4.746600000000000132e-09,9.599999999999999645e-01,2.692499999999999956e-09,9.599999999999999645e-01,4.993000000000000232e-10,9.599999999999999645e-01,6.851700000000000235e-10,9.599999999999999645e-01,4.036300000000000320e-10,9.599999999999999645e-01,2.705599999999999839e-09,9.599999999999999645e-01,6.389800000000000000e-10,9.599999999999999645e-01,3.760599999999999608e-09
1.000000000000000000e+00,4.871000000000000240e-09,nan,nan,1.000000000000000000e+00,5.327399999999999615e-09,1.000000000000000000e+00,3.401699999999999947e-09,1.000000000000000000e+00,6.403000000000000533e-10,1.000000000000000000e+00,8.321400000000000857e-10,1.000000000000000000e+00,4.794600000000000173e-10,1.000000000000000000e+00,3.209500000000000135e-09,1.000000000000000000e+00,7.627100000000000473e-10,1.000000000000000000e+00,4.478100000000000077e-09
1.040000000000000036e+00,5.345499999999999790e-09,nan,nan,1.040000000000000036e+00,6.284600000000000404e-09,1.040000000000000036e+00,3.894299999999999673e-09,1.040000000000000036e+00,8.527200000000000291e-10,1.040000000000000036e+00,1.036940000000000144e-09,1.040000000000000036e+00,5.770100000000000578e-10,1.040000000000000036e+00,3.479999999999999977e-09,1.040000000000000036e+00,8.784300000000000364e-10,1.040000000000000036e+00,5.110600000000000116e-09
1.080000000000000071e+00,5.628299999999999682e-09,nan,nan,1.080000000000000071e+00,6.958400000000000290e-09,1.080000000000000071e+00,4.385099999999999674e-09,1.080000000000000071e+00,7.030200000000000187e-10,1.080000000000000071e+00,1.089899999999999928e-09,1.080000000000000071e+00,7.139400000000000182e-10,1.080000000000000071e+00,3.841900000000000144e-09,1.080000000000000071e+00,9.951000000000000068e-10,1.080000000000000071e+00,6.322000000000000296e-09
1.120000000000000107e+00,6.087099999999999794e-09,nan,nan,1.120000000000000107e+00,7.977499999999999800e-09,1.120000000000000107e+00,4.901900000000000206e-09,1.120000000000000107e+00,1.012200000000000082e-09,1.120000000000000107e+00,1.382300000000000076e-09,1.120000000000000107e+00,8.455200000000000953e-10,1.120000000000000107e+00,4.076000000000000400e-09,1.120000000000000107e+00,1.251599999999999897e-09,1.120000000000000107e+00,7.208600000000000109e-09
1.159999999999999920e+00,6.156399999999999958e-09,nan,nan,1.159999999999999920e+00,8.522500000000000710e-09,1.159999999999999920e+00,5.966900000000000147e-09,1.159999999999999920e+00,1.123500000000000101e-09,1.159999999999999920e+00,1.667199999999999992e-09,1.159999999999999920e+00,1.045570000000000144e-09,1.159999999999999920e+00,4.632100000000000165e-09,1.159999999999999920e+00,1.523000000000000014e-09,1.159999999999999920e+00,8.517099999999999881e-09
1.199999999999999956e+00,6.813799999999999776e-09,nan,nan,1.199999999999999956e+00,1.004459999999999983e-08,1.199999999999999956e+00,6.972900000000000188e-09,1.199999999999999956e+00,1.403499999999999961e-09,1.199999999999999956e+00,1.929399999999999975e-09,1.199999999999999956e+00,1.141899999999999955e-09,1.199999999999999956e+00,5.351799999999999655e-09,1.199999999999999956e+00,1.830600000000000068e-09,1.199999999999999956e+00,9.732600000000000078e-09
1.239999999999999991e+00,6.848900000000000203e-09,nan,nan,1.239999999999999991e+00,1.069419999999999891e-08,1.239999999999999991e+00,7.866499999999999667e-09,1.239999999999999991e+00,1.476399999999999989e-09,1.239999999999999991e+00,2.317799999999999999e-09,1.239999999999999991e+00,1.431799999999999957e-09,1.239999999999999991e+00,5.367699999999999983e-09,1.239999999999999991e+00,2.322699999999999848e-09,1.239999999999999991e+00,1.090799999999999914e-08
1.280000000000000027e+00,6.548000000000000136e-09,nan,nan,1.280000000000000027e+00,1.251899999999999947e-08,1.280000000000000027e+00,9.139800000000000223e-09,1.280000000000000027e+00,1.955999999999999863e-09,1.280000000000000027e+00,2.615100000000000203e-09,1.280000000000000027e+00,1.753899999999999909e-09,1.280000000000000027e+00,5.835500000000000373e-09,1.280000000000000027e+00,2.669599999999999963e-09,1.280000000000000027e+00,1.293039999999999911e-08
1.320000000000000062e+00,6.447800000000000006e-09,nan,nan,1.320000000000000062e+00,1.376199999999999942e-08,1.320000000000000062e+00,1.000939999999999896e-08,1.320000000000000062e+00,2.259699999999999962e-09,1.320000000000000062e+00,3.111499999999999854e-09,1.320000000000000062e+00,2.111700000000000059e-09,1.320000000000000062e+00,6.392500000000000001e-09,1.320000000000000062e+00,3.202700000000000118e-09,1.320000000000000062e+00,1.421699999999999919e-08
1.360000000000000098e+00,7.571899999999999464e-09,nan,nan,1.360000000000000098e+00,1.477779999999999916e-08,1.360000000000000098e+00,1.153819999999999972e-08,1.360000000000000098e+00,2.117599999999999801e-09,1.360000000000000098e+00,3.671499999999999988e-09,1.360000000000000098e+00,2.560600000000000029e-09,1.360000000000000098e+00,7.057800000000000174e-09,1.360000000000000098e+00,3.852900000000000209e-09,1.360000000000000098e+00,1.605599999999999832e-08
1.400000000000000133e+00,8.640199999999999177e-09,nan,nan,1.400000000000000133e+00,1.710099999999999875e-08,1.400000000000000133e+00,1.317739999999999794e-08,1.400000000000000133e+00,2.465100000000000100e-09,1.400000000000000133e+00,4.294299999999999946e-09,1.400000000000000133e+00,3.034400000000000192e-09,1.400000000000000133e+00,8.101600000000000230e-09,1.400000000000000133e+00,4.909999999999999795e-09,1.400000000000000133e+00,1.810159999999999713e-08
1.439999999999999947e+00,8.470600000000000093e-09,nan,nan,1.439999999999999947e+00,1.971299999999999924e-08,1.439999999999999947e+00,1.479519999999999870e-08,1.439999999999999947e+00,2.685299999999999816e-09,1.439999999999999947e+00,4.922699999999999968e-09,1.439999999999999947e+00,3.611799999999999873e-09,1.439999999999999947e+00,8.376400000000000150e-09,1.439999999999999947e+00,5.508599999999999775e-09,1.439999999999999947e+00,2.023059999999999919e-08
1.479999999999999982e+00,8.709099999999999218e-09,nan,nan,1.479999999999999982e+00,1.944219999999999724e-08,1.479999999999999982e+00,1.669939999999999798e-08,1.479999999999999982e+00,2.989900000000000191e-09,1.479999999999999982e+00,5.551599999999999730e-09,1.479999999999999982e+00,4.300599999999999811e-09,1.479999999999999982e+00,8.980999999999999489e-09,1.479999999999999982e+00,6.691999999999999638e-09,1.479999999999999982e+00,2.290499999999999897e-08
1.520000000000000018e+00,1.013680000000000081e-08,nan,nan,1.520000000000000018e+00,2.179159999999999907e-08,1.520000000000000018e+00,1.909799999999999671e-08,1.520000000000000018e+00,3.366100000000000194e-09,1.520000000000000018e+00,6.368500000000000083e-09,1.520000000000000018e+00,5.058300000000000203e-09,1.520000000000000018e+00,1.016059999999999901e-08,1.520000000000000018e+00,7.436900000000000240e-09,1.520000000000000018e+00,2.553979999999999818e-08
1.560000000000000053e+00,1.090190000000000017e-08,nan,nan,1.560000000000000053e+00,2.507079999999999908e-08,1.560000000000000053e+00,2.108379999999999785e-08,1.560000000000000053e+00,4.061800000000000180e-09,1.560000000000000053e+00,7.213300000000000309e-09,1.560000000000000053e+00,5.996999999999999867e-09,1.560000000000000053e+00,1.117859999999999860e-08,1.560000000000000053e+00,8.890199999999999761e-09,1.560000000000000053e+00,2.912179999999999677e-08
1.600000000000000089e+00,1.137859999999999874e-08,nan,nan,1.600000000000000089e+00,2.746139999999999866e-08,1.600000000000000089e+00,2.380899999999999833e-08,1.600000000000000089e+00,5.062600000000000281e-09,1.600000000000000089e+00,7.794800000000000421e-09,1.600000000000000089e+00,7.130299999999999665e-09,1.600000000000000089e+00,1.223499999999999838e-08,1.600000000000000089e+00,1.026599999999999908e-08,1.600000000000000089e+00,3.201059999999999945e-08
1.640000000000000124e+00,1.270779999999999948e-08,nan,nan,1.640000000000000124e+00,2.956799999999999716e-08,1.640000000000000124e+00,2.669559999999999785e-08,1.640000000000000124e+00,5.142699999999999622e-09,1.640000000000000124e+00,9.311800000000000042e-09,1.640000000000000124e+00,8.263600000000000291e-09,1.640000000000000124e+00,1.352759999999999866e-08,1.640000000000000124e+00,1.195899999999999810e-08,1.640000000000000124e+00,3.731919999999999578e-08
1.679999999999999938e+00,1.377639999999999887e-08,nan,nan,1.679999999999999938e+00,3.182379999999999675e-08,1.679999999999999938e+00,2.958739999999999732e-08,1.679999999999999938e+00,6.595900000000000353e-09,1.679999999999999938e+00,1.045620000000000035e-08,1.679999999999999938e+00,9.788399999999999823e-09,1.679999999999999938e+00,1.481839999999999920e-08,1.679999999999999938e+00,1.374739999999999908e-08,1.679999999999999938e+00,4.076619999999999350e-08
1.719999999999999973e+00,1.505779999999999736e-08,nan,nan,1.719999999999999973e+00,3.648939999999999850e-08,1.719999999999999973e+00,3.363379999999999774e-08,1.719999999999999973e+00,8.086700000000000209e-09,1.719999999999999973e+00,1.021959999999999974e-08,1.719999999999999973e+00,1.025919999999999865e-08,1.719999999999999973e+00,1.712099999999999826e-08,1.719999999999999973e+00,1.623059999999999977e-08,1.719999999999999973e+00,4.474939999999999438e-08
1.760000000000000009e+00,1.441019999999999890e-08,nan,nan,1.760000000000000009e+00,3.830099999999999337e-08,1.760000000000000009e+00,3.702779999999999491e-08,1.760000000000000009e+00,8.485799999999999793e-09,1.760000000000000009e+00,1.198179999999999847e-08,1.760000000000000009e+00,1.179159999999999886e-08,1.760000000000000009e+00,1.787499999999999959e-08,1.760000000000000009e+00,1.858939999999999704e-08,1.760000000000000009e+00,5.010799999999999447e-08
1.800000000000000044e+00,1.484219999999999906e-08,nan,nan,1.800000000000000044e+00,4.209479999999999654e-08,1.800000000000000044e+00,4.113599999999999857e-08,1.800000000000000044e+00,9.091699999999999944e-09,1.800000000000000044e+00,1.389439999999999867e-08,1.800000000000000044e+00,1.406699999999999785e-08,1.800000000000000044e+00,1.965859999999999910e-08,1.800000000000000044e+00,2.115519999999999742e-08,1.800000000000000044e+00,5.551719999999999767e-08
1.840000000000000080e+00,1.674099999999999751e-08,nan,nan,1.840000000000000080e+00,4.618819999999999401e-08,1.840000000000000080e+00,4.692539999999999349e-08,1.840000000000000080e+00,1.042929999999999996e-08,1.840000000000000080e+00,1.468699999999999778e-08,1.840000000000000080e+00,1.618919999999999782e-08,1.840000000000000080e+00,2.107939999999999816e-08,1.840000000000000080e+00,2.579939999999999675e-08,1.840000000000000080e+00,6.162099999999999307e-08
1.880000000000000115e+00,1.649899999999999772e-08,nan,nan,1.880000000000000115e+00,4.932239999999999834e-08,1.880000000000000115e+00,5.237679999999999557e-08,1.880000000000000115e+00,1.063299999999999833e-08,1.880000000000000115e+00,1.663559999999999909e-08,1.880000000000000115e+00,1.911719999999999929e-08,1.880000000000000115e+00,2.481859999999999699e-08,1.880000000000000115e+00,2.795079999999999575e-08,1.880000000000000115e+00,6.795419999999999846e-08
1.919999999999999929e+00,2.206759999999999770e-08,nan,nan,1.919999999999999929e+00,5.447099999999999191e-08,1.919999999999999929e+00,5.656819999999999166e-08,1.919999999999999929e+00,1.149079999999999924e-08,1.919999999999999929e+00,1.861039999999999769e-08,1.919999999999999929e+00,2.202239999999999873e-08,1.919999999999999929e+00,2.750999999999999620e-08,1.919999999999999929e+00,3.227719999999999603e-08,1.919999999999999929e+00,7.737079999999998763e-08
1.959999999999999964e+00,2.226099999999999664e-08,nan,nan,1.959999999999999964e+00,5.866399999999999512e-08,1.959999999999999964e+00,6.095639999999998856e-08,1.959999999999999964e+00,1.443619999999999860e-08,1.959999999999999964e+00,2.123079999999999910e-08,1.959999999999999964e+00,2.511899999999999815e-08,1.959999999999999964e+00,2.840719999999999844e-08,1.959999999999999964e+00,3.726579999999999347e-08,1.959999999999999964e+00,8.226839999999998776e-08
2.000000000000000000e+00,2.453079999999999888e-08,nan,nan,2.000000000000000000e+00,6.324959999999999218e-08,2.000000000000000000e+00,6.337879999999999046e-08,2.000000000000000000e+00,1.777439999999999934e-08,2.000000000000000000e+00,2.436199999999999673e-08,2.000000000000000000e+00,2.872739999999999822e-08,2.000000000000000000e+00,3.117859999999999571e-08,2.000000000000000000e+00,4.147779999999999836e-08,2.000000000000000000e+00,9.285839999999999193e-08
2.040000000000000036e+00,2.756439999999999634e-08,nan,nan,2.040000000000000036e+00,6.882939999999999560e-08,2.040000000000000036e+00,7.232259999999999673e-08,2.040000000000000036e+00,1.620839999999999709e-08,2.040000000000000036e+00,2.791279999999999568e-08,2.040000000000000036e+00,3.273819999999999599e-08,2.040000000000000036e+00,3.525539999999999553e-08,2.040000000000000036e+00,4.856019999999999698e-08,2.040000000000000036e+00,1.021151999999999958e-07
2.080000000000000071e+00,2.304799999999999899e-08,nan,nan,2.080000000000000071e+00,7.241339999999999646e-08,2.080000000000000071e+00,7.814879999999999632e-08,2.080000000000000071e+00,1.715139999999999766e-08,2.080000000000000071e+00,3.191759999999999988e-08,2.080000000000000071e+00,3.715799999999999431e-08,2.080000000000000071e+00,4.020199999999999828e-08,2.080000000000000071e+00,5.507859999999999796e-08,2.080000000000000071e+00,1.114200000000000011e-07
2.120000000000000107e+00,2.485879999999999692e-08,nan,nan,2.120000000000000107e+00,7.666559999999999797e-08,2.120000000000000107e+00,8.814139999999999012e-08,2.120000000000000107e+00,1.891039999999999707e-08,2.120000000000000107e+00,3.646279999999999614e-08,2.120000000000000107e+00,4.186939999999999771e-08,2.120000000000000107e+00,4.645639999999999769e-08,2.120000000000000107e+00,6.477719999999999588e-08,2.120000000000000107e+00,1.231999999999999915e-07
2.160000000000000142e+00,2.462919999999999928e-08,nan,nan,2.160000000000000142e+00,8.453319999999999094e-08,2.160000000000000142e+00,9.687619999999998440e-08,2.160000000000000142e+00,2.085719999999999700e-08,2.160000000000000142e+00,3.996179999999999326e-08,2.160000000000000142e+00,4.869599999999999480e-08,2.160000000000000142e+00,5.053079999999999346e-08,2.160000000000000142e+00,7.230019999999998986e-08,2.160000000000000142e+00,1.338399999999999862e-07
2.200000000000000178e+00,2.653999999999999810e-08,nan,nan,2.200000000000000178e+00,8.699299999999999024e-08,2.200000000000000178e+00,1.005200000000000028e-07,2.200000000000000178e+00,2.292479999999999760e-08,2.200000000000000178e+00,4.321639999999999647e-08,2.200000000000000178e+00,5.542859999999999779e-08,2.200000000000000178e+00,5.454039999999999252e-08,2.200000000000000178e+00,8.469959999999998904e-08,2.200000000000000178e+00,1.415199999999999861e-07
2.240000000000000213e+00,2.800439999999999896e-08,nan,nan,2.240000000000000213e+00,9.600839999999999036e-08,2.240000000000000213e+00,1.128800000000000023e-07,2.240000000000000213e+00,2.545179999999999766e-08,2.240000000000000213e+00,4.787319999999999222e-08,2.240000000000000213e+00,6.065539999999999136e-08,2.240000000000000213e+00,5.837279999999999182e-08,2.240000000000000213e+00,9.104099999999998785e-08,2.240000000000000213e+00,1.567600000000000087e-07
2.280000000000000249e+00,2.982179999999999642e-08,nan,nan,2.280000000000000249e+00,1.010200000000000006e-07,2.280000000000000249e+00,1.311199999999999989e-07,2.280000000000000249e+00,2.520679999999999778e-08,2.280000000000000249e+00,5.107079999999999698e-08,2.280000000000000249e+00,6.890319999999998929e-08,2.280000000000000249e+00,6.681739999999999056e-08,2.280000000000000249e+00,1.025400000000000037e-07,2.280000000000000249e+00,1.720799999999999898e-07
2.319999999999999840e+00,3.237519999999999466e-08,nan,nan,2.319999999999999840e+00,1.069799999999999958e-07,2.319999999999999840e+00,1.457600000000000029e-07,2.319999999999999840e+00,2.934099999999999784e-08,2.319999999999999840e+00,6.021799999999999037e-08,2.319999999999999840e+00,7.768399999999999602e-08,2.319999999999999840e+00,7.219499999999999233e-08,2.319999999999999840e+00,1.191999999999999953e-07,2.319999999999999840e+00,1.865999999999999901e-07
2.359999999999999876e+00,3.447959999999999992e-08,nan,nan,2.359999999999999876e+00,1.184399999999999938e-07,2.359999999999999876e+00,1.526799999999999881e-07,2.359999999999999876e+00,3.352019999999999598e-08,2.359999999999999876e+00,6.614879999999999475e-08,2.359999999999999876e+00,8.588299999999998891e-08,2.359999999999999876e+00,8.167919999999999728e-08,2.359999999999999876e+00,1.303399999999999879e-07,2.359999999999999876e+00,1.964400000000000041e-07
2.399999999999999911e+00,3.827439999999999761e-08,nan,nan,2.399999999999999911e+00,1.259999999999999901e-07,2.399999999999999911e+00,1.690999999999999988e-07,2.399999999999999911e+00,3.414839999999999759e-08,2.399999999999999911e+00,7.421679999999999790e-08,2.399999999999999911e+00,9.545899999999999472e-08,2.399999999999999911e+00,9.289399999999998465e-08,2.399999999999999911e+00,1.557399999999999903e-07,2.399999999999999911e+00,2.114799999999999852e-07
2.439999999999999947e+00,3.819719999999999875e-08,nan,nan,2.439999999999999947e+00,1.276000000000000044e-07,2.439999999999999947e+00,1.840399999999999989e-07,2.439999999999999947e+00,3.934139999999999651e-08,2.439999999999999947e+00,8.254919999999999118e-08,2.439999999999999947e+00,1.092600000000000003e-07,2.439999999999999947e+00,1.009199999999999931e-07,2.439999999999999947e+00,1.728999999999999931e-07,2.439999999999999947e+00,2.361999999999999842e-07
2.479999999999999982e+00,3.994799999999999481e-08,nan,nan,2.479999999999999982e+00,1.374799999999999843e-07,2.479999999999999982e+00,1.912800000000000029e-07,2.479999999999999982e+00,3.942159999999999878e-08,2.479999999999999982e+00,9.142099999999999522e-08,2.479999999999999982e+00,1.214400000000000075e-07,2.479999999999999982e+00,1.082800000000000008e-07,2.479999999999999982e+00,1.868000000000000051e-07,2.479999999999999982e+00,2.430799999999999770e-07
2.520000000000000018e+00,4.453579999999999835e-08,nan,nan,2.520000000000000018e+00,1.469599999999999872e-07,2.520000000000000018e+00,2.068799999999999837e-07,2.520000000000000018e+00,4.170979999999999673e-08,2.520000000000000018e+00,1.044149999999999857e-07,2.520000000000000018e+00,1.350799999999999893e-07,2.520000000000000018e+00,1.177000000000000018e-07,2.520000000000000018e+00,2.132000000000000033e-07,2.520000000000000018e+00,2.544000000000000016e-07
2.560000000000000053e+00,4.943399999999999783e-08,nan,nan,2.560000000000000053e+00,1.529599999999999880e-07,2.560000000000000053e+00,2.249599999999999974e-07,2.560000000000000053e+00,4.484919999999999770e-08,2.560000000000000053e+00,1.131799999999999984e-07,2.560000000000000053e+00,1.486399999999999863e-07,2.560000000000000053e+00,1.291799999999999960e-07,2.560000000000000053e+00,2.382399999999999946e-07,2.560000000000000053e+00,2.827599999999999723e-07
2.600000000000000089e+00,4.947759999999999301e-08,nan,nan,2.600000000000000089e+00,1.571599999999999859e-07,2.600000000000000089e+00,2.415200000000000080e-07,2.600000000000000089e+00,4.805099999999999795e-08,2.600000000000000089e+00,1.243800000000000060e-07,2.600000000000000089e+00,1.639399999999999976e-07,2.600000000000000089e+00,1.454199999999999879e-07,2.600000000000000089e+00,2.522200000000000178e-07,2.600000000000000089e+00,2.993200000000000095e-07
2.640000000000000124e+00,4.761319999999999518e-08,nan,nan,2.640000000000000124e+00,1.692799999999999912e-07,2.640000000000000124e+00,2.566000000000000081e-07,2.640000000000000124e+00,5.177679999999999681e-08,2.640000000000000124e+00,1.456599999999999954e-07,2.640000000000000124e+00,1.857399999999999943e-07,2.640000000000000124e+00,1.575799999999999856e-07,2.640000000000000124e+00,2.753200000000000063e-07,2.640000000000000124e+00,3.162799999999999707e-07
2.680000000000000160e+00,5.112999999999999528e-08,nan,nan,2.680000000000000160e+00,1.758799999999999841e-07,2.680000000000000160e+00,2.832399999999999872e-07,2.680000000000000160e+00,5.701579999999999495e-08,2.680000000000000160e+00,1.646399999999999973e-07,2.680000000000000160e+00,2.070799999999999988e-07,2.680000000000000160e+00,1.665400000000000076e-07,2.680000000000000160e+00,3.074199999999999827e-07,2.680000000000000160e+00,3.414599999999999884e-07
2.720000000000000195e+00,5.403339999999999334e-08,nan,nan,2.720000000000000195e+00,1.809400000000000042e-07,2.720000000000000195e+00,3.045000000000000069e-07,2.720000000000000195e+00,6.503359999999999016e-08,2.720000000000000195e+00,1.795799999999999974e-07,2.720000000000000195e+00,2.227999999999999834e-07,2.720000000000000195e+00,1.848400000000000061e-07,2.720000000000000195e+00,3.426599999999999727e-07,2.720000000000000195e+00,3.633999999999999850e-07
2.760000000000000231e+00,5.817979999999999135e-08,nan,nan,2.760000000000000231e+00,1.889999999999999851e-07,2.760000000000000231e+00,3.401800000000000193e-07,2.760000000000000231e+00,6.530999999999999388e-08,2.760000000000000231e+00,2.019399999999999938e-07,2.760000000000000231e+00,2.525199999999999874e-07,2.760000000000000231e+00,1.979399999999999844e-07,2.760000000000000231e+00,3.723000000000000184e-07,2.760000000000000231e+00,3.848799999999999894e-07
2.800000000000000266e+00,6.254499999999999526e-08,nan,nan,2.800000000000000266e+00,2.037200000000000004e-07,2.800000000000000266e+00,3.612599999999999937e-07,2.800000000000000266e+00,6.921479999999999057e-08,2.800000000000000266e+00,2.195000000000000001e-07,2.800000000000000266e+00,2.721000000000000079e-07,2.800000000000000266e+00,2.230799999999999832e-07,2.800000000000000266e+00,4.055800000000000094e-07,2.800000000000000266e+00,4.125800000000000059e-07
2.839999999999999858e+00,7.050579999999999862e-08,nan,nan,2.839999999999999858e+00,2.104599999999999933e-07,2.839999999999999858e+00,3.871599999999999807e-07,2.839999999999999858e+00,7.956219999999999229e-08,2.839999999999999858e+00,2.464999999999999904e-07,2.839999999999999858e+00,2.993399999999999792e-07,2.839999999999999858e+00,2.267600000000000003e-07,2.839999999999999858e+00,4.470599999999999811e-07,2.839999999999999858e+00,4.513999999999999789e-07
2.879999999999999893e+00,7.742399999999999237e-08,nan,nan,2.879999999999999893e+00,2.214200000000000067e-07,2.879999999999999893e+00,4.203800000000000095e-07,2.879999999999999893e+00,8.772679999999999116e-08,2.879999999999999893e+00,2.683600000000000022e-07,2.879999999999999893e+00,3.229400000000000052e-07,2.879999999999999893e+00,2.415799999999999702e-07,2.879999999999999893e+00,4.767800000000000116e-07,2.879999999999999893e+00,4.773400000000000114e-07
2.919999999999999929e+00,7.118939999999999821e-08,nan,nan,2.919999999999999929e+00,2.347000000000000039e-07,2.919999999999999929e+00,4.565600000000000066e-07,2.919999999999999929e+00,9.653079999999999509e-08,2.919999999999999929e+00,3.107200000000000189e-07,2.919999999999999929e+00,3.571799999999999730e-07,2.919999999999999929e+00,2.695199999999999941e-07,2.919999999999999929e+00,5.452400000000000304e-07,2.919999999999999929e+00,5.113599999999999415e-07
2.959999999999999964e+00,7.835759999999999750e-08,nan,nan,2.959999999999999964e+00,2.423799999999999774e-07,2.959999999999999964e+00,4.770399999999999888e-07,2.959999999999999964e+00,1.080600000000000028e-07,2.959999999999999964e+00,3.340199999999999694e-07,2.959999999999999964e+00,3.854799999999999816e-07,2.959999999999999964e+00,2.894999999999999917e-07,2.959999999999999964e+00,5.854600000000000028e-07,2.959999999999999964e+00,5.290600000000000007e-07
3.000000000000000000e+00,8.860459999999999655e-08,nan,nan,3.000000000000000000e+00,2.483800000000000046e-07,3.000000000000000000e+00,5.091399999999999653e-07,3.000000000000000000e+00,1.122199999999999950e-07,3.000000000000000000e+00,3.597400000000000171e-07,3.000000000000000000e+00,4.264599999999999687e-07,3.000000000000000000e+00,3.075800000000000053e-07,3.000000000000000000e+00,6.037999999999999407e-07,3.000000000000000000e+00,5.629999999999999459e-07
3.000000000000000000e+00,8.684859999999999062e-08,nan,nan,3.000000000000000000e+00,2.445399999999999914e-07,3.000000000000000000e+00,4.928799999999999507e-07,3.000000000000000000e+00,1.108399999999999920e-07,3.000000000000000000e+00,3.379199999999999978e-07,3.000000000000000000e+00,4.232800000000000157e-07,3.000000000000000000e+00,2.983199999999999873e-07,3.000000000000000000e+00,5.936800000000000063e-07,3.000000000000000000e+00,5.512200000000000350e-07
2.959999999999999964e+00,7.193819999999998966e-08,nan,nan,2.959999999999999964e+00,2.013999999999999903e-07,2.959999999999999964e+00,3.994399999999999822e-07,2.959999999999999964e+00,9.053299999999999415e-08,2.959999999999999964e+00,2.401999999999999936e-07,2.959999999999999964e+00,3.555599999999999890e-07,2.959999999999999964e+00,2.504000000000000187e-07,2.959999999999999964e+00,4.889599999999999526e-07,2.959999999999999964e+00,4.561000000000000144e-07
2.919999999999999929e+00,6.094479999999999659e-08,nan,nan,2.919999999999999929e+00,1.723799999999999858e-07,2.919999999999999929e+00,3.463400000000000162e-07,2.919999999999999929e+00,7.969219999999999411e-08,2.919999999999999929e+00,2.052799999999999959e-07,2.919999999999999929e+00,2.953600000000000190e-07,2.919999999999999929e+00,2.190600000000000041e-07,2.919999999999999929e+00,4.170600000000000036e-07,2.919999999999999929e+00,3.922599999999999933e-07
2.879999999999999893e+00,5.286999999999999631e-08,nan,nan,2.879999999999999893e+00,1.422800000000000008e-07,2.879999999999999893e+00,2.882600000000000150e-07,2.879999999999999893e+00,6.672319999999999227e-08,2.879999999999999893e+00,1.777599999999999983e-07,2.879999999999999893e+00,2.530799999999999872e-07,2.879999999999999893e+00,1.851799999999999946e-07,2.879999999999999893e+00,3.477400000000000155e-07,2.879999999999999893e+00,3.328000000000000154e-07
2.839999999999999858e+00,4.441839999999999625e-08,nan,nan,2.839999999999999858e+00,1.214400000000000075e-07,2.839999999999999858e+00,2.437200000000000145e-07,2.839999999999999858e+00,5.628219999999999162e-08,2.839999999999999858e+00,1.938199999999999978e-07,2.839999999999999858e+00,2.166599999999999826e-07,2.839999999999999858e+00,1.587999999999999926e-07,2.839999999999999858e+00,3.025999999999999700e-07,2.839999999999999858e+00,2.887999999999999920e-07
2.800000000000000266e+00,3.792019999999999567e-08,nan,nan,2.800000000000000266e+00,1.017999999999999984e-07,2.800000000000000266e+00,2.069799999999999912e-07,2.800000000000000266e+00,4.893819999999999547e-08,2.800000000000000266e+00,1.550399999999999907e-07,2.800000000000000266e+00,1.853599999999999869e-07,2.800000000000000266e+00,1.303199999999999917e-07,2.800000000000000266e+00,2.455400000000000136e-07,2.800000000000000266e+00,2.537000000000000020e-07
2.760000000000000231e+00,3.413079999999999881e-08,nan,nan,2.760000000000000231e+00,8.920939999999999678e-08,2.760000000000000231e+00,1.745999999999999885e-07,2.760000000000000231e+00,3.907839999999999608e-08,2.760000000000000231e+00,1.258199999999999977e-07,2.760000000000000231e+00,1.555999999999999904e-07,2.760000000000000231e+00,1.105199999999999997e-07,2.760000000000000231e+00,1.989199999999999839e-07,2.760000000000000231e+00,2.179999999999999933e-07
2.720000000000000195e+00,2.990279999999999563e-08,nan,nan,2.720000000000000195e+00,7.542679999999999352e-08,2.720000000000000195e+00,1.474000000000000096e-07,2.720000000000000195e+00,3.172719999999999442e-08,2.720000000000000195e+00,1.073000000000000013e-07,2.720000000000000195e+00,1.357599999999999928e-07,2.720000000000000195e+00,9.419839999999998937e-08,2.720000000000000195e+00,1.716799999999999862e-07,2.720000000000000195e+00,1.855199999999999830e-07
2.680000000000000160e+00,2.672379999999999740e-08,nan,nan,2.680000000000000160e+00,6.318119999999999933e-08,2.680000000000000160e+00,1.240800000000000099e-07,2.680000000000000160e+00,2.746579999999999836e-08,2.680000000000000160e+00,8.976439999999999083e-08,2.680000000000000160e+00,1.129999999999999928e-07,2.680000000000000160e+00,7.855999999999999672e-08,2.680000000000000160e+00,1.421799999999999933e-07,2.680000000000000160e+00,1.582199999999999967e-07
2.640000000000000124e+00,2.551359999999999759e-08,nan,nan,2.640000000000000124e+00,5.551719999999999767e-08,2.640000000000000124e+00,1.040999999999999991e-07,2.640000000000000124e+00,2.371059999999999792e-08,2.640000000000000124e+00,7.688439999999999725e-08,2.640000000000000124e+00,9.872839999999999089e-08,2.640000000000000124e+00,6.558979999999999616e-08,2.640000000000000124e+00,1.224599999999999994e-07,2.640000000000000124e+00,1.291999999999999922e-07
2.600000000000000089e+00,2.223499999999999694e-08,nan,nan,2.600000000000000089e+00,4.671659999999999230e-08,2.600000000000000089e+00,8.817299999999999155e-08,2.600000000000000089e+00,2.061919999999999845e-08,2.600000000000000089e+00,6.516179999999998730e-08,2.600000000000000089e+00,8.333599999999998602e-08,2.600000000000000089e+00,5.661899999999999235e-08,2.600000000000000089e+00,1.040999999999999991e-07,2.600000000000000089e+00,1.138799999999999980e-07
2.560000000000000053e+00,2.030719999999999870e-08,nan,nan,2.560000000000000053e+00,4.007179999999999887e-08,2.560000000000000053e+00,7.555699999999999292e-08,2.560000000000000053e+00,1.602299999999999730e-08,2.560000000000000053e+00,5.600259999999999353e-08,2.560000000000000053e+00,7.003239999999999651e-08,2.560000000000000053e+00,4.696599999999999850e-08,2.560000000000000053e+00,9.009079999999998507e-08,2.560000000000000053e+00,9.870099999999999159e-08
2.520000000000000018e+00,1.860599999999999799e-08,nan,nan,2.520000000000000018e+00,3.411159999999999954e-08,2.520000000000000018e+00,6.346279999999999306e-08,2.520000000000000018e+00,1.312899999999999799e-08,2.520000000000000018e+00,4.649859999999999657e-08,2.520000000000000018e+00,5.871359999999999709e-08,2.520000000000000018e+00,4.002639999999999901e-08,2.520000000000000018e+00,7.742899999999999804e-08,2.520000000000000018e+00,8.267159999999999232e-08
2.479999999999999982e+00,1.580679999999999964e-08,nan,nan,2.479999999999999982e+00,2.844959999999999821e-08,2.479999999999999982e+00,5.373519999999999534e-08,2.479999999999999982e+00,1.092299999999999961e-08,2.479999999999999982e+00,3.892579999999999642e-08,2.479999999999999982e+00,4.976879999999999630e-08,2.479999999999999982e+00,3.219419999999999456e-08,2.479999999999999982e+00,6.151719999999999184e-08,2.479999999999999982e+00,6.653939999999999296e-08
2.439999999999999947e+00,1.440919999999999942e-08,nan,nan,2.439999999999999947e+00,2.375739999999999739e-08,2.439999999999999947e+00,4.531999999999999818e-08,2.439999999999999947e+00,9.654199999999999191e-09,2.439999999999999947e+00,3.230619999999999583e-08,2.439999999999999947e+00,4.109439999999999904e-08,2.439999999999999947e+00,2.815379999999999764e-08,2.439999999999999947e+00,5.221739999999999217e-08,2.439999999999999947e+00,5.888859999999999701e-08
2.399999999999999911e+00,1.327899999999999933e-08,nan,nan,2.399999999999999911e+00,2.045959999999999747e-08,2.399999999999999911e+00,3.744759999999999712e-08,2.399999999999999911e+00,8.325500000000000667e-09,2.399999999999999911e+00,2.705459999999999796e-08,2.399999999999999911e+00,3.483939999999999366e-08,2.399999999999999911e+00,2.480099999999999821e-08,2.399999999999999911e+00,4.389539999999999878e-08,2.399999999999999911e+00,4.855979999999999520e-08
2.359999999999999876e+00,1.144899999999999882e-08,nan,nan,2.359999999999999876e+00,1.697759999999999977e-08,2.359999999999999876e+00,3.116419999999999791e-08,2.359999999999999876e+00,6.905700000000000255e-09,2.359999999999999876e+00,2.232339999999999924e-08,2.359999999999999876e+00,2.952659999999999852e-08,2.359999999999999876e+00,1.909399999999999879e-08,2.359999999999999876e+00,3.674419999999999891e-08,2.359999999999999876e+00,4.133259999999999518e-08
2.319999999999999840e+00,1.075679999999999908e-08,nan,nan,2.319999999999999840e+00,1.444479999999999876e-08,2.319999999999999840e+00,2.571699999999999794e-08,2.319999999999999840e+00,5.637200000000000344e-09,2.319999999999999840e+00,1.899479999999999814e-08,2.319999999999999840e+00,2.490899999999999825e-08,2.319999999999999840e+00,1.634259999999999772e-08,2.319999999999999840e+00,2.955579999999999590e-08,2.319999999999999840e+00,3.455899999999999864e-08
2.280000000000000249e+00,9.264099999999999886e-09,nan,nan,2.280000000000000249e+00,1.156239999999999969e-08,2.280000000000000249e+00,2.210679999999999649e-08,2.280000000000000249e+00,4.531299999999999852e-09,2.280000000000000249e+00,1.548319999999999798e-08,2.280000000000000249e+00,2.073779999999999926e-08,2.280000000000000249e+00,1.373039999999999800e-08,2.280000000000000249e+00,2.504299999999999800e-08,2.280000000000000249e+00,2.803079999999999713e-08
2.240000000000000213e+00,8.872500000000000536e-09,nan,nan,2.240000000000000213e+00,1.008739999999999972e-08,2.240000000000000213e+00,1.901719999999999839e-08,2.240000000000000213e+00,3.757499999999999897e-09,2.240000000000000213e+00,1.335779999999999868e-08,2.240000000000000213e+00,1.730839999999999702e-08,2.240000000000000213e+00,1.190059999999999838e-08,2.240000000000000213e+00,2.037659999999999930e-08,2.240000000000000213e+00,2.176579999999999695e-08
2.200000000000000178e+00,7.550100000000000222e-09,nan,nan,2.200000000000000178e+00,9.041299999999999374e-09,2.200000000000000178e+00,1.475779999999999799e-08,2.200000000000000178e+00,2.961400000000000134e-09,2.200000000000000178e+00,1.055239999999999925e-08,2.200000000000000178e+00,1.423159999999999788e-08,2.200000000000000178e+00,1.006859999999999892e-08,2.200000000000000178e+00,1.719499999999999945e-08,2.200000000000000178e+00,1.900399999999999931e-08
2.160000000000000142e+00,6.771699999999999684e-09,nan,nan,2.160000000000000142e+00,7.172999999999999942e-09,2.160000000000000142e+00,1.224699999999999876e-08,2.160000000000000142e+00,2.383100000000000177e-09,2.160000000000000142e+00,9.261200000000000238e-09,2.160000000000000142e+00,1.191359999999999823e-08,2.160000000000000142e+00,8.949299999999999278e-09,2.160000000000000142e+00,1.401539999999999856e-08,2.160000000000000142e+00,1.505119999999999782e-08
2.120000000000000107e+00,6.180899999999999615e-09,nan,nan,2.120000000000000107e+00,5.972799999999999889e-09,2.120000000000000107e+00,1.020579999999999964e-08,2.120000000000000107e+00,2.090400000000000143e-09,2.120000000000000107e+00,7.476599999999999597e-09,2.120000000000000107e+00,9.991599999999999287e-09,2.120000000000000107e+00,7.533300000000000032e-09,2.120000000000000107e+00,1.201319999999999901e-08,2.120000000000000107e+00,1.268299999999999849e-08
2.080000000000000071e+00,5.368900000000000351e-09,nan,nan,2.080000000000000071e+00,4.774799999999999683e-09,2.080000000000000071e+00,8.620899999999999460e-09,2.080000000000000071e+00,1.777200000000000025e-09,2.080000000000000071e+00,5.980700000000000244e-09,2.080000000000000071e+00,8.442400000000000542e-09,2.080000000000000071e+00,6.182399999999999661e-09,2.080000000000000071e+00,9.858199999999998900e-09,2.080000000000000071e+00,1.045059999999999863e-08
2.040000000000000036e+00,4.891899999999999620e-09,nan,nan,2.040000000000000036e+00,3.869599999999999955e-09,2.040000000000000036e+00,7.125400000000000230e-09,2.040000000000000036e+00,1.385199999999999932e-09,2.040000000000000036e+00,4.874399999999999628e-09,2.040000000000000036e+00,7.046499999999999603e-09,2.040000000000000036e+00,5.258899999999999697e-09,2.040000000000000036e+00,8.331499999999999198e-09,2.040000000000000036e+00,8.772899999999999763e-09
2.000000000000000000e+00,4.313500000000000045e-09,nan,nan,2.000000000000000000e+00,3.122900000000000042e-09,2.000000000000000000e+00,5.802399999999999733e-09,2.000000000000000000e+00,1.240399999999999977e-09,2.000000000000000000e+00,3.849499999999999993e-09,2.000000000000000000e+00,5.645000000000000255e-09,2.000000000000000000e+00,4.522499999999999634e-09,2.000000000000000000e+00,6.535999999999999764e-09,2.000000000000000000e+00,7.158000000000000304e-09
1.959999999999999964e+00,3.499300000000000107e-09,nan,nan,1.959999999999999964e+00,2.534399999999999851e-09,1.959999999999999964e+00,4.685200000000000323e-09,1.959999999999999964e+00,1.055200000000000037e-09,1.959999999999999964e+00,3.021599999999999988e-09,1.959999999999999964e+00,4.684699999999999756e-09,1.959999999999999964e+00,3.976000000000000332e-09,1.959999999999999964e+00,5.590499999999999668e-09,1.959999999999999964e+00,6.278000000000000034e-09
1.919999999999999929e+00,3.079299999999999903e-09,nan,nan,1.919999999999999929e+00,2.175799999999999869e-09,1.919999999999999929e+00,3.995500000000000110e-09,1.919999999999999929e+00,8.406400000000001080e-10,1.919999999999999929e+00,2.343500000000000024e-09,1.919999999999999929e+00,3.878000000000000050e-09,1.919999999999999929e+00,3.366299999999999842e-09,1.919999999999999929e+00,4.409600000000000158e-09,1.919999999999999929e+00,5.334899999999999848e-09
1.880000000000000115e+00,2.726299999999999984e-09,nan,nan,1.880000000000000115e+00,1.689100000000000092e-09,1.880000000000000115e+00,3.137499999999999971e-09,1.880000000000000115e+00,7.067600000000000492e-10,1.880000000000000115e+00,1.825499999999999952e-09,1.880000000000000115e+00,3.127899999999999921e-09,1.880000000000000115e+00,2.906499999999999838e-09,1.880000000000000115e+00,3.555399999999999944e-09,1.880000000000000115e+00,4.165199999999999637e-09
1.840000000000000080e+00,2.264200000000000101e-09,nan,nan,1.840000000000000080e+00,1.440599999999999968e-09,1.840000000000000080e+00,2.682200000000000106e-09,1.840000000000000080e+00,5.779600000000000390e-10,1.840000000000000080e+00,1.476199999999999927e-09,1.840000000000000080e+00,2.547999999999999887e-09,1.840000000000000080e+00,2.556800000000000104e-09,1.840000000000000080e+00,3.016900000000000201e-09,1.840000000000000080e+00,3.404800000000000071e-09
1.800000000000000044e+00,1.749800000000000099e-09,nan,nan,1.800000000000000044e+00,1.083999999999999979e-09,1.800000000000000044e+00,2.221899999999999948e-09,1.800000000000000044e+00,4.566500000000000206e-10,1.800000000000000044e+00,1.126700000000000049e-09,1.800000000000000044e+00,2.128999999999999989e-09,1.800000000000000044e+00,2.057600000000000008e-09,1.800000000000000044e+00,2.434599999999999844e-09,1.800000000000000044e+00,2.970099999999999908e-09
1.760000000000000009e+00,1.617099999999999927e-09,nan,nan,1.760000000000000009e+00,9.127200000000000287e-10,1.760000000000000009e+00,1.726299999999999922e-09,1.760000000000000009e+00,3.769300000000000105e-10,1.760000000000000009e+00,9.953900000000000131e-10,1.760000000000000009e+00,1.759499999999999973e-09,1.760000000000000009e+00,1.927499999999999806e-09,1.760000000000000009e+00,1.931699999999999854e-09,1.760000000000000009e+00,2.404500000000000124e-09
1.719999999999999973e+00,1.347300000000000093e-09,nan,nan,1.719999999999999973e+00,7.261400000000000381e-10,1.719999999999999973e+00,1.401599999999999999e-09,1.719999999999999973e+00,3.054100000000000341e-10,1.719999999999999973e+00,7.136900000000000449e-10,1.719999999999999973e+00,1.410999999999999987e-09,1.719999999999999973e+00,1.348299999999999987e-09,1.719999999999999973e+00,1.670900000000000093e-09,1.719999999999999973e+00,1.831900000000000054e-09
1.679999999999999938e+00,1.106799999999999942e-09,nan,nan,1.679999999999999938e+00,5.670900000000000549e-10,1.679999999999999938e+00,1.147099999999999896e-09,1.679999999999999938e+00,2.357800000000000378e-10,1.679999999999999938e+00,5.480800000000000347e-10,1.679999999999999938e+00,1.140200000000000054e-09,1.679999999999999938e+00,1.241599999999999931e-09,1.679999999999999938e+00,1.390900000000000026e-09,1.679999999999999938e+00,1.569000000000000062e-09
1.640000000000000124e+00,8.362300000000000167e-10,nan,nan,1.640000000000000124e+00,4.139200000000000554e-10,1.640000000000000124e+00,1.002859999999999988e-09,1.640000000000000124e+00,2.035600000000000188e-10,1.640000000000000124e+00,3.837000000000000295e-10,1.640000000000000124e+00,9.440300000000000994e-10,1.640000000000000124e+00,9.852000000000000720e-10,1.640000000000000124e+00,1.094599999999999922e-09,1.640000000000000124e+00,1.174899999999999944e-09
1.600000000000000089e+00,6.152700000000000891e-10,nan,nan,1.600000000000000089e+00,3.350800000000000464e-10,1.600000000000000089e+00,7.603500000000000678e-10,1.600000000000000089e+00,1.709000000000000251e-10,1.600000000000000089e+00,3.020200000000000076e-10,1.600000000000000089e+00,7.549100000000000329e-10,1.600000000000000089e+00,7.804700000000000976e-10,1.600000000000000089e+00,9.358100000000001009e-10,1.600000000000000089e+00,1.018499999999999947e-09
1.560000000000000053e+00,4.515700000000000236e-10,nan,nan,1.560000000000000053e+00,2.428300000000000290e-10,1.560000000000000053e+00,6.031400000000000493e-10,1.560000000000000053e+00,1.276000000000000040e-10,1.560000000000000053e+00,2.230600000000000290e-10,1.560000000000000053e+00,6.104600000000000819e-10,1.560000000000000053e+00,6.078400000000000434e-10,1.560000000000000053e+00,7.652200000000000727e-10,1.560000000000000053e+00,7.795700000000000284e-10
1.520000000000000018e+00,3.162700000000000359e-10,nan,nan,1.520000000000000018e+00,1.851700000000000182e-10,1.520000000000000018e+00,5.057100000000000042e-10,1.520000000000000018e+00,1.219700000000000193e-10,1.520000000000000018e+00,1.757800000000000123e-10,1.520000000000000018e+00,4.903800000000000168e-10,1.520000000000000018e+00,4.375800000000000544e-10,1.520000000000000018e+00,5.930300000000000707e-10,1.520000000000000018e+00,6.100900000000000098e-10
1.479999999999999982e+00,2.262600000000000283e-10,nan,nan,1.479999999999999982e+00,1.604200000000000002e-10,1.479999999999999982e+00,3.812400000000000194e-10,1.479999999999999982e+00,9.054000000000000477e-11,1.479999999999999982e+00,1.286299999999999994e-10,1.479999999999999982e+00,3.790200000000000519e-10,1.479999999999999982e+00,3.144500000000000360e-10,1.479999999999999982e+00,4.899000000000000350e-10,1.479999999999999982e+00,4.563200000000000331e-10
1.439999999999999947e+00,1.299000000000000115e-10,nan,nan,1.439999999999999947e+00,1.109300000000000114e-10,1.439999999999999947e+00,2.945300000000000159e-10,1.439999999999999947e+00,6.564000000000000546e-11,1.439999999999999947e+00,8.748000000000000448e-11,1.439999999999999947e+00,3.196100000000000471e-10,1.439999999999999947e+00,2.469900000000000435e-10,1.439999999999999947e+00,3.824000000000000443e-10,1.439999999999999947e+00,3.390100000000000008e-10
1.400000000000000133e+00,7.428000000000000095e-11,nan,nan,1.400000000000000133e+00,8.336000000000000992e-11,1.400000000000000133e+00,2.503900000000000008e-10,1.400000000000000133e+00,6.904000000000000147e-11,1.400000000000000133e+00,7.835000000000000603e-11,1.400000000000000133e+00,2.394200000000000376e-10,1.400000000000000133e+00,1.703600000000000197e-10,1.400000000000000133e+00,2.943600000000000051e-10,1.400000000000000133e+00,2.765600000000000252e-10
1.360000000000000098e+00,6.862000000000000447e-11,nan,nan,1.360000000000000098e+00,7.292000000000000513e-11,1.360000000000000098e+00,1.827500000000000152e-10,1.360000000000000098e+00,4.156000000000000305e-11,1.360000000000000098e+00,4.262000000000000378e-11,1.360000000000000098e+00,1.881500000000000172e-10,1.360000000000000098e+00,1.561000000000000090e-10,1.360000000000000098e+00,2.473699999999999947e-10,1.360000000000000098e+00,2.076500000000000274e-10
1.320000000000000062e+00,3.294000000000000464e-11,nan,nan,1.320000000000000062e+00,4.133000000000000100e-11,1.320000000000000062e+00,1.344600000000000196e-10,1.320000000000000062e+00,3.157000000000000058e-11,1.320000000000000062e+00,4.675000000000000658e-11,1.320000000000000062e+00,1.652300000000000074e-10,1.320000000000000062e+00,1.091500000000000057e-10,1.320000000000000062e+00,1.998800000000000118e-10,1.320000000000000062e+00,1.423100000000000235e-10
1.280000000000000027e+00,1.160000000000000066e-11,nan,nan,1.280000000000000027e+00,3.840000000000000440e-11,1.280000000000000027e+00,1.227599999999999979e-10,1.280000000000000027e+00,3.959000000000000236e-11,1.280000000000000027e+00,1.837000000000000028e-11,1.280000000000000027e+00,1.141900000000000084e-10,1.280000000000000027e+00,8.133000000000000504e-11,1.280000000000000027e+00,1.372500000000000172e-10,1.280000000000000027e+00,1.258000000000000205e-10
1.239999999999999991e+00,2.397000000000000227e-11,nan,nan,1.239999999999999991e+00,3.179000000000000086e-11,1.239999999999999991e+00,8.497000000000000488e-11,1.239999999999999991e+00,1.542000000000000013e-11,1.239999999999999991e+00,2.845000000000000257e-11,1.239999999999999991e+00,8.830000000000000786e-11,1.239999999999999991e+00,9.023000000000000791e-11,1.239999999999999991e+00,1.245000000000000095e-10,1.239999999999999991e+00,7.990000000000000326e-11
1.199999999999999956e+00,1.305000000000000114e-11,nan,nan,1.199999999999999956e+00,9.910000000000001192e-12,1.199999999999999956e+00,6.337000000000000968e-11,1.199999999999999956e+00,1.712000000000000137e-11,1.199999999999999956e+00,1.112000000000000108e-11,1.199999999999999956e+00,8.031000000000000495e-11,1.199999999999999956e+00,7.053000000000000098e-11,1.199999999999999956e+00,9.345000000000001075e-11,1.199999999999999956e+00,5.963000000000000501e-11
1.159999999999999920e+00,2.300000000000000297e-12,nan,nan,1.159999999999999920e+00,2.317000000000000245e-11,1.159999999999999920e+00,5.644000000000000750e-11,1.159999999999999920e+00,2.229000000000000135e-11,1.159999999999999920e+00,1.505000000000000231e-11,1.159999999999999920e+00,4.462000000000000334e-11,1.159999999999999920e+00,5.517000000000000180e-11,1.159999999999999920e+00,5.635000000000000445e-11,1.159999999999999920e+00,5.741000000000000518e-11
1.120000000000000107e+00,1.139000000000000054e-11,nan,nan,1.120000000000000107e+00,1.214000000000000118e-11,1.120000000000000107e+00,2.919999999999999998e-11,1.120000000000000107e+00,1.400000000000000093e-12,1.120000000000000107e+00,1.264000000000000107e-11,1.120000000000000107e+00,4.042000000000000104e-11,1.120000000000000107e+00,6.093999999999999842e-11,1.120000000000000107e+00,6.146000000000000025e-11,1.120000000000000107e+00,2.754000000000000261e-11
1.080000000000000071e+00,9.340000000000000188e-12,nan,nan,1.080000000000000071e+00,3.310000000000000234e-12,1.080000000000000071e+00,3.141999999999999981e-11,1.080000000000000071e+00,1.274000000000000105e-11,1.080000000000000071e+00,4.559999999999999957e-12,1.080000000000000071e+00,3.703000000000000034e-11,1.080000000000000071e+00,4.656000000000000517e-11,1.080000000000000071e+00,4.337000000000000119e-11,1.080000000000000071e+00,2.760000000000000356e-11
1.040000000000000036e+00,6.830000000000000584e-12,nan,nan,1.040000000000000036e+00,1.680000000000000273e-11,1.040000000000000036e+00,2.473000000000000146e-11,1.040000000000000036e+00,1.244000000000000111e-11,1.040000000000000036e+00,1.454999999999999919e-11,1.040000000000000036e+00,1.256000000000000141e-11,1.040000000000000036e+00,3.785000000000000371e-11,1.040000000000000036e+00,2.205000000000000076e-11,1.040000000000000036e+00,2.610000000000000228e-11
1.000000000000000000e+00,6.800000000000000913e-12,nan,nan,1.000000000000000000e+00,7.600000000000000938e-13,1.000000000000000000e+00,3.500000000000000434e-12,1.000000000000000000e+00,4.570000000000000116e-12,1.000000000000000000e+00,1.880000000000000067e-12,1.000000000000000000e+00,2.059000000000000011e-11,1.000000000000000000e+00,4.985000000000000105e-11,1.000000000000000000e+00,3.279000000000000387e-11,1.000000000000000000e+00,4.020000000000000238e-12
9.599999999999999645e-01,1.159000000000000050e-11,nan,nan,9.599999999999999645e-01,1.007000000000000051e-11,9.599999999999999645e-01,1.985000000000000125e-11,9.599999999999999645e-01,1.152000000000000100e-11,9.599999999999999645e-01,2.290000000000000138e-12,9.599999999999999645e-01,1.635000000000000041e-11,9.599999999999999645e-01,2.751000000000000375e-11,9.599999999999999645e-01,1.521000000000000163e-11,9.599999999999999645e-01,1.387000000000000128e-11
9.200000000000000400e-01,1.150000000000000149e-12,nan,nan,9.200000000000000400e-01,1.240000000000000048e-11,9.200000000000000400e-01,7.650000000000000725e-12,9.200000000000000400e-01,5.390000000000000257e-12,9.200000000000000400e-01,1.020000000000000097e-12,9.200000000000000400e-01,1.560000000000000219e-12,9.200000000000000400e-01,2.726000000000000138e-11,9.200000000000000400e-01,4.390000000000000479e-12,9.200000000000000400e-01,1.210000000000000054e-11
8.800000000000000044e-01,4.950000000000000516e-12,nan,nan,8.800000000000000044e-01,4.260000000000000023e-12,8.800000000000000044e-01,3.120000000000000438e-12,8.800000000000000044e-01,6.610000000000000309e-12,8.800000000000000044e-01,1.417000000000000122e-11,8.800000000000000044e-01,1.298000000000000164e-11,8.800000000000000044e-01,3.749000000000000444e-11,8.800000000000000044e-01,1.975000000000000288e-11,8.800000000000000044e-01,4.660000000000000742e-12
8.399999999999999689e-01,1.149000000000000052e-11,nan,nan,8.399999999999999689e-01,9.160000000000000551e-12,8.399999999999999689e-01,1.649000000000000264e-11,8.399999999999999689e-01,1.188000000000000027e-11,8.399999999999999689e-01,1.310000000000000073e-12,8.399999999999999689e-01,5.470000000000000724e-12,8.399999999999999689e-01,1.862000000000000265e-11,8.399999999999999689e-01,7.300000000000000196e-13,8.399999999999999689e-01,1.155000000000000147e-11
8.000000000000000444e-01,6.620000000000000469e-12,nan,nan,8.000000000000000444e-01,1.119000000000000058e-11,8.000000000000000444e-01,8.600000000000000716e-13,8.000000000000000444e-01,5.699999999999999946e-13,8.000000000000000444e-01,2.040000000000000193e-12,8.000000000000000444e-01,5.240000000000000290e-12,8.000000000000000444e-01,2.606000000000000164e-11,8.000000000000000444e-01,2.150000000000000330e-12,8.000000000000000444e-01,4.860000000000000698e-12
7.600000000000000089e-01,1.080000000000000043e-12,nan,nan,7.600000000000000089e-01,1.013000000000000147e-11,7.600000000000000089e-01,5.380000000000000098e-12,7.600000000000000089e-01,4.509999999999999968e-12,7.600000000000000089e-01,1.312000000000000064e-11,7.600000000000000089e-01,1.190000000000000059e-11,7.600000000000000089e-01,1.752999999999999982e-11,7.600000000000000089e-01,1.131000000000000088e-11,7.600000000000000089e-01,5.860000000000000476e-12
7.199999999999999734e-01,1.125000000000000154e-11,nan,nan,7.199999999999999734e-01,1.660000000000000197e-12,7.199999999999999734e-01,1.438000000000000133e-11,7.199999999999999734e-01,1.176000000000000159e-11,7.199999999999999734e-01,2.900000000000000265e-13,7.199999999999999734e-01,1.420000000000000210e-12,7.199999999999999734e-01,3.770000000000000294e-12,7.199999999999999734e-01,1.059000000000000072e-11,7.199999999999999734e-01,1.146000000000000166e-11
6.800000000000000488e-01,1.540000000000000102e-12,nan,nan,6.800000000000000488e-01,4.210000000000000034e-12,6.800000000000000488e-01,1.840000000000000238e-12,6.800000000000000488e-01,5.380000000000000098e-12,6.800000000000000488e-01,5.830000000000000806e-12,6.800000000000000488e-01,4.290000000000000501e-12,6.800000000000000488e-01,2.331000000000000145e-11,6.800000000000000488e-01,2.640000000000000060e-12,6.800000000000000488e-01,1.870000000000000312e-12
6.400000000000000133e-01,1.620000000000000165e-12,nan,nan,6.400000000000000133e-01,1.249000000000000030e-11,6.400000000000000133e-01,3.510000000000000190e-12,6.400000000000000133e-01,2.080000000000000023e-12,6.400000000000000133e-01,1.082000000000000115e-11,6.400000000000000133e-01,1.183000000000000109e-11,6.400000000000000133e-01,9.520000000000001440e-12,6.400000000000000133e-01,8.800000000000001277e-12,6.400000000000000133e-01,4.710000000000000731e-12
5.999999999999999778e-01,1.046000000000000026e-11,nan,nan,5.999999999999999778e-01,4.250000000000000672e-12,5.999999999999999778e-01,1.257000000000000157e-11,5.999999999999999778e-01,1.016000000000000033e-11,5.999999999999999778e-01,3.430000000000000127e-12,5.999999999999999778e-01,5.520000000000000713e-12,5.999999999999999778e-01,9.800000000000000651e-13,5.999999999999999778e-01,1.110000000000000077e-11,5.999999999999999778e-01,1.108000000000000045e-11
5.600000000000000533e-01,6.400000000000000194e-12,nan,nan,5.600000000000000533e-01,3.880000000000000431e-12,5.600000000000000533e-01,5.670000000000000680e-12,5.600000000000000533e-01,8.400000000000001366e-12,5.600000000000000533e-01,7.730000000000000384e-12,5.600000000000000533e-01,2.440000000000000104e-12,5.600000000000000533e-01,2.144000000000000235e-11,5.600000000000000533e-01,5.720000000000000669e-12,5.600000000000000533e-01,5.530000000000000064e-12
5.200000000000000178e-01,1.072000000000000117e-11,nan,nan,5.200000000000000178e-01,1.208000000000000023e-11,5.200000000000000178e-01,5.690000000000000190e-12,5.200000000000000178e-01,1.710000000000000186e-12,5.200000000000000178e-01,8.490000000000001184e-12,5.200000000000000178e-01,1.079000000000000067e-11,5.200000000000000178e-01,2.490000000000000093e-12,5.200000000000000178e-01,7.850000000000000680e-12,5.200000000000000178e-01,1.899999999999999982e-12
4.799999999999999822e-01,4.800000000000000550e-12,nan,nan,4.799999999999999822e-01,1.220000000000000052e-11,4.799999999999999822e-01,8.180000000000001092e-12,4.799999999999999822e-01,7.370000000000001110e-12,4.799999999999999822e-01,5.570000000000000702e-12,4.799999999999999822e-01,7.780000000000001180e-12,4.799999999999999822e-01,4.020000000000000238e-12,4.799999999999999822e-01,1.244000000000000111e-11,4.799999999999999822e-01,9.780000000000000736e-12
4.400000000000000022e-01,3.370000000000000383e-12,nan,nan,4.400000000000000022e-01,7.700000000000000512e-13,4.400000000000000022e-01,6.770000000000000435e-12,4.400000000000000022e-01,9.650000000000000280e-12,4.400000000000000022e-01,8.720000000000000002e-12,4.400000000000000022e-01,1.290000000000000158e-12,4.400000000000000022e-01,1.765000000000000174e-11,4.400000000000000022e-01,8.940000000000000277e-12,4.400000000000000022e-01,8.740000000000000321e-12
4.000000000000000222e-01,1.115000000000000156e-11,nan,nan,4.000000000000000222e-01,7.299999999999999995e-12,4.000000000000000222e-01,1.006000000000000035e-11,4.000000000000000222e-01,5.790000000000000168e-12,4.000000000000000222e-01,5.650000000000000361e-12,4.000000000000000222e-01,8.520000000000000047e-12,4.000000000000000222e-01,2.890000000000000408e-12,4.000000000000000222e-01,4.580000000000000275e-12,4.000000000000000222e-01,2.040000000000000193e-12
3.599999999999999867e-01,7.570000000000001065e-12,nan,nan,3.599999999999999867e-01,1.386000000000000112e-11,3.599999999999999867e-01,3.680000000000000475e-12,3.599999999999999867e-01,4.850000000000000539e-12,3.599999999999999867e-01,7.850000000000000680e-12,3.599999999999999867e-01,8.840000000000000299e-12,3.599999999999999867e-01,1.070000000000000086e-12,3.599999999999999867e-01,6.690000000000000776e-12,3.599999999999999867e-01,7.320000000000000313e-12
3.200000000000000067e-01,2.000000000000000313e-14,nan,nan,3.200000000000000067e-01,1.090000000000000000e-12,3.200000000000000067e-01,9.360000000000000506e-12,3.200000000000000067e-01,1.024000000000000160e-11,3.200000000000000067e-01,7.640000000000000565e-12,3.200000000000000067e-01,4.610000000000000753e-12,3.200000000000000067e-01,1.250000000000000046e-11,3.200000000000000067e-01,1.199000000000000041e-11,3.200000000000000067e-01,9.410000000000001303e-12
2.800000000000000266e-01,8.109999999999999976e-12,nan,nan,2.800000000000000266e-01,6.930000000000000561e-12,2.800000000000000266e-01,1.224000000000000116e-11,2.800000000000000266e-01,9.640000000000000121e-12,2.800000000000000266e-01,3.530000000000000105e-12,2.800000000000000266e-01,5.330000000000000109e-12,2.800000000000000266e-01,3.949999999999999931e-12,2.800000000000000266e-01,2.060000000000000108e-12,2.800000000000000266e-01,6.000000000000000283e-12
2.399999999999999911e-01,9.960000000000000373e-12,nan,nan,2.399999999999999911e-01,1.479999999999999994e-11,2.399999999999999911e-01,2.550000000000000242e-12,2.399999999999999911e-01,7.000000000000000465e-14,2.399999999999999911e-01,1.087000000000000033e-11,2.399999999999999911e-01,9.119999999999999914e-12,2.399999999999999911e-01,8.850000000000000458e-12,2.399999999999999911e-01,6.550000000000000161e-12,2.399999999999999911e-01,3.790000000000000612e-12
2.000000000000000111e-01,4.940000000000000357e-12,nan,nan,2.000000000000000111e-01,2.370000000000000201e-12,2.000000000000000111e-01,1.007000000000000051e-11,2.000000000000000111e-01,7.120000000000000358e-12,2.000000000000000111e-01,6.240000000000000876e-12,2.000000000000000111e-01,7.699999999999999906e-12,2.000000000000000111e-01,1.322000000000000062e-11,2.000000000000000111e-01,1.131000000000000088e-11,2.000000000000000111e-01,8.900000000000001255e-12
1.600000000000000033e-01,5.410000000000000576e-12,nan,nan,1.600000000000000033e-01,1.250000000000000126e-12,1.600000000000000033e-01,1.136000000000000168e-11,1.600000000000000033e-01,1.089000000000000065e-11,1.600000000000000033e-01,7.000000000000000465e-14,1.600000000000000033e-01,2.270000000000000223e-12,1.600000000000000033e-01,4.890000000000000368e-12,1.600000000000000033e-01,4.520000000000000127e-12,1.600000000000000033e-01,8.580000000000001003e-12
1.199999999999999956e-01,9.550000000000000303e-12,nan,nan,1.199999999999999956e-01,1.022000000000000128e-11,1.199999999999999956e-01,4.240000000000000512e-12,1.199999999999999956e-01,3.720000000000000305e-12,1.199999999999999956e-01,9.480000000000000803e-12,1.199999999999999956e-01,8.100000000000001432e-12,1.199999999999999956e-01,1.575000000000000054e-11,1.199999999999999956e-01,1.630000000000000123e-12,1.199999999999999956e-01,6.200000000000000845e-13
8.000000000000000167e-02,7.999999999999999839e-12,nan,nan,8.000000000000000167e-02,7.489999999999999791e-12,8.000000000000000167e-02,1.039000000000000076e-11,8.000000000000000167e-02,4.050000000000000716e-12,8.000000000000000167e-02,8.730000000000000162e-12,8.000000000000000167e-02,9.960000000000000373e-12,8.000000000000000167e-02,6.760000000000000276e-12,8.000000000000000167e-02,8.900000000000001255e-12,8.000000000000000167e-02,6.640000000000000787e-12
4.000000000000000083e-02,1.880000000000000067e-12,nan,nan,4.000000000000000083e-02,6.200000000000000239e-12,4.000000000000000083e-02,1.144000000000000134e-11,4.000000000000000083e-02,1.123000000000000122e-11,4.000000000000000083e-02,1.500000000000000172e-13,4.000000000000000083e-02,2.130000000000000012e-12,4.000000000000000083e-02,2.800000000000000186e-12,4.000000000000000083e-02,9.800000000000001055e-12,4.000000000000000083e-02,1.097000000000000031e-11
0.000000000000000000e+00,8.370000000000000888e-12,nan,nan,0.000000000000000000e+00,6.650000000000000139e-12,0.000000000000000000e+00,7.170000000000000347e-12,0.000000000000000000e+00,6.990000000000000710e-12,0.000000000000000000e+00,8.550000000000000525e-12,0.000000000000000000e+00,5.710000000000000509e-12,0.000000000000000000e+00,1.813000000000000292e-11,0.000000000000000000e+00,3.550000000000000423e-12,0.000000000000000000e+00,4.720000000000000083e-12
-4.000000000000000083e-02,1.034000000000000158e-11,nan,nan,-4.000000000000000083e-02,1.014000000000000001e-11,-4.000000000000000083e-02,3.999999999999999920e-12,-4.000000000000000083e-02,1.830000000000000078e-12,-4.000000000000000083e-02,8.609999999999999865e-12,-4.000000000000000083e-02,1.083000000000000131e-11,-4.000000000000000083e-02,8.700000000000000289e-13,-4.000000000000000083e-02,8.650000000000000503e-12,-4.000000000000000083e-02,3.970000000000000249e-12
-8.000000000000000167e-02,2.270000000000000223e-12,nan,nan,-8.000000000000000167e-02,4.570000000000000116e-12,-8.000000000000000167e-02,7.750000000000000702e-12,-8.000000000000000167e-02,9.900000000000001033e-12,-8.000000000000000167e-02,4.440000000000000468e-12,-8.000000000000000167e-02,4.330000000000000331e-12,-8.000000000000000167e-02,7.399999999999999972e-12,-8.000000000000000167e-02,1.265000000000000123e-11,-8.000000000000000167e-02,1.094000000000000145e-11
-1.199999999999999956e-01,6.110000000000000420e-12,nan,nan,-1.199999999999999956e-01,1.400000000000000093e-12,-1.199999999999999956e-01,6.510000000000000332e-12,-1.199999999999999956e-01,8.760000000000000640e-12,-1.199999999999999956e-01,3.970000000000000249e-12,-1.199999999999999956e-01,3.540000000000000264e-12,-1.199999999999999956e-01,1.862000000000000265e-11,-1.199999999999999956e-01,4.509999999999999968e-12,-1.199999999999999956e-01,6.360000000000000365e-12
-1.600000000000000033e-01,1.088000000000000049e-11,nan,nan,-1.600000000000000033e-01,1.287000000000000150e-11,-1.600000000000000033e-01,5.540000000000000224e-12,-1.600000000000000033e-01,4.040000000000000557e-12,-1.600000000000000033e-01,1.069000000000000070e-11,-1.600000000000000033e-01,1.140000000000000070e-11,-1.600000000000000033e-01,2.200000000000000319e-12,-1.600000000000000033e-01,6.000000000000000283e-12,-1.600000000000000033e-01,1.000000000000000030e-13
-2.000000000000000111e-01,5.420000000000000735e-12,nan,nan,-2.000000000000000111e-01,9.420000000000001462e-12,-2.000000000000000111e-01,6.110000000000000420e-12,-2.000000000000000111e-01,7.299999999999999995e-12,-2.000000000000000111e-01,6.990000000000000710e-12,-2.000000000000000111e-01,7.140000000000000676e-12,-2.000000000000000111e-01,2.480000000000000338e-12,-2.000000000000000111e-01,1.555000000000000059e-11,-2.000000000000000111e-01,9.730000000000001555e-12
-2.399999999999999911e-01,2.630000000000000305e-12,nan,nan,-2.399999999999999911e-01,3.849999999999999953e-12,-2.399999999999999911e-01,7.080000000000000528e-12,-2.399999999999999911e-01,9.050000000000000414e-12,-2.399999999999999911e-01,8.600000000000000716e-13,-2.399999999999999911e-01,1.700000000000000077e-13,-2.399999999999999911e-01,1.738000000000000228e-11,-2.399999999999999911e-01,9.600000000000001099e-12,-2.399999999999999911e-01,8.509999999999999887e-12
-2.800000000000000266e-01,1.043000000000000140e-11,nan,nan,-2.800000000000000266e-01,1.204000000000000120e-11,-2.800000000000000266e-01,1.116000000000000011e-11,-2.800000000000000266e-01,6.580000000000000639e-12,-2.800000000000000266e-01,7.890000000000001318e-12,-2.800000000000000266e-01,9.610000000000001259e-12,-2.800000000000000266e-01,2.460000000000000019e-12,-2.800000000000000266e-01,3.870000000000000272e-12,-2.800000000000000266e-01,3.720000000000000305e-12
-3.200000000000000067e-01,8.460000000000000706e-12,nan,nan,-3.200000000000000067e-01,1.308000000000000162e-11,-3.200000000000000067e-01,3.710000000000000146e-12,-3.200000000000000067e-01,3.749999999999999975e-12,-3.200000000000000067e-01,9.800000000000001055e-12,-3.200000000000000067e-01,8.509999999999999887e-12,-3.200000000000000067e-01,9.540000000000000143e-12,-3.200000000000000067e-01,1.006000000000000035e-11,-3.200000000000000067e-01,6.600000000000000150e-12
-3.599999999999999867e-01,1.830000000000000078e-12,nan,nan,-3.599999999999999867e-01,5.030000000000000175e-12,-3.599999999999999867e-01,8.030000000000000317e-12,-3.599999999999999867e-01,9.340000000000000188e-12,-3.599999999999999867e-01,5.450000000000000405e-12,-3.599999999999999867e-01,2.850000000000000175e-12,-3.599999999999999867e-01,1.974000000000000111e-11,-3.599999999999999867e-01,9.300000000000001166e-12,-3.599999999999999867e-01,9.510000000000001281e-12
-4.000000000000000222e-01,7.599999999999999928e-12,nan,nan,-4.000000000000000222e-01,1.097000000000000031e-11,-4.000000000000000222e-01,1.557000000000000090e-11,-4.000000000000000222e-01,9.950000000000000214e-12,-4.000000000000000222e-01,4.840000000000000379e-12,-4.000000000000000222e-01,7.000000000000000869e-12,-4.000000000000000222e-01,1.730000000000000101e-12,-4.000000000000000222e-01,9.600000000000001503e-13,-4.000000000000000222e-01,7.420000000000000291e-12
-4.400000000000000022e-01,9.790000000000000896e-12,nan,nan,-4.400000000000000022e-01,1.220000000000000052e-11,-4.400000000000000022e-01,2.140000000000000171e-12,-4.400000000000000022e-01,1.760000000000000175e-12,-4.400000000000000022e-01,4.700000000000000168e-13,-4.400000000000000022e-01,9.370000000000000666e-12,-4.400000000000000022e-01,1.895000000000000306e-11,-4.400000000000000022e-01,6.900000000000000891e-12,-4.400000000000000022e-01,3.620000000000000327e-12
-4.799999999999999822e-01,5.790000000000000168e-12,nan,nan,-4.799999999999999822e-01,3.260000000000000245e-12,-4.799999999999999822e-01,6.690000000000000776e-12,-4.799999999999999822e-01,5.630000000000000042e-12,-4.799999999999999822e-01,7.760000000000000862e-12,-4.799999999999999822e-01,6.640000000000000787e-12,-4.799999999999999822e-01,1.850000000000000074e-11,-4.799999999999999822e-01,1.592000000000000163e-11,-4.799999999999999822e-01,7.230000000000000495e-12
-5.200000000000000178e-01,4.690000000000000413e-12,nan,nan,-5.200000000000000178e-01,3.250000000000000086e-12,-5.200000000000000178e-01,1.273000000000000089e-11,-5.200000000000000178e-01,1.108000000000000045e-11,-5.200000000000000178e-01,8.970000000000000755e-12,-5.200000000000000178e-01,4.070000000000000227e-12,-5.200000000000000178e-01,3.530000000000000105e-12,-5.200000000000000178e-01,2.650000000000000219e-12,-5.200000000000000178e-01,1.040000000000000092e-11
-5.600000000000000533e-01,9.240000000000000210e-12,nan,nan,-5.600000000000000533e-01,9.380000000000000825e-12,-5.600000000000000533e-01,3.030000000000000216e-12,-5.600000000000000533e-01,4.470000000000000138e-12,-5.600000000000000533e-01,3.070000000000000045e-12,-5.600000000000000533e-01,8.450000000000000547e-12,-5.600000000000000533e-01,2.732000000000000233e-11,-5.600000000000000533e-01,3.420000000000000371e-12,-5.600000000000000533e-01,8.000000000000001253e-14
-5.999999999999999778e-01,8.540000000000000365e-12,nan,nan,-5.999999999999999778e-01,3.590000000000000253e-12,-5.999999999999999778e-01,9.150000000000000392e-12,-5.999999999999999778e-01,3.620000000000000327e-12,-5.999999999999999778e-01,8.320000000000000091e-12,-5.999999999999999778e-01,9.760000000000000418e-12,-5.999999999999999778e-01,1.749000000000000242e-11,-5.999999999999999778e-01,1.342000000000000057e-11,-5.999999999999999778e-01,4.750000000000000561e-12
-6.400000000000000133e-01,8.800000000000000873e-13,nan,nan,-6.400000000000000133e-01,7.880000000000001158e-12,-6.400000000000000133e-01,9.840000000000000077e-12,-6.400000000000000133e-01,1.049000000000000074e-11,-6.400000000000000133e-01,7.630000000000000406e-12,-6.400000000000000133e-01,3.000000000000000344e-13,-6.400000000000000133e-01,1.401000000000000028e-11,-6.400000000000000133e-01,8.120000000000000136e-12,-6.400000000000000133e-01,1.140000000000000070e-11
-6.800000000000000488e-01,7.899999999999999861e-12,nan,nan,-6.800000000000000488e-01,8.209999999999999954e-12,-6.800000000000000488e-01,7.630000000000000406e-12,-6.800000000000000488e-01,8.670000000000000821e-12,-6.800000000000000488e-01,6.180000000000000728e-12,-6.800000000000000488e-01,6.170000000000000569e-12,-6.800000000000000488e-01,4.249000000000000010e-11,-6.800000000000000488e-01,4.890000000000000368e-12,-6.800000000000000488e-01,4.200000000000000683e-12
-7.199999999999999734e-01,1.106000000000000013e-11,nan,nan,-7.199999999999999734e-01,7.810000000000000043e-12,-7.199999999999999734e-01,1.770000000000000132e-12,-7.199999999999999734e-01,1.150000000000000149e-12,-7.199999999999999734e-01,9.100000000000001210e-12,-7.199999999999999734e-01,1.125000000000000154e-11,-7.199999999999999734e-01,2.605000000000000310e-11,-7.199999999999999734e-01,1.091000000000000097e-11,-7.199999999999999734e-01,1.590000000000000091e-12
-7.600000000000000089e-01,3.740000000000000624e-12,nan,nan,-7.600000000000000089e-01,2.471000000000000114e-11,-7.600000000000000089e-01,3.290000000000000320e-12,-7.600000000000000089e-01,8.509999999999999887e-12,-7.600000000000000089e-01,4.940000000000000357e-12,-7.600000000000000089e-01,2.470000000000000179e-12,-7.600000000000000089e-01,2.431000000000000123e-11,-7.600000000000000089e-01,1.098000000000000047e-11,-7.600000000000000089e-01,1.280000000000000039e-11
-8.000000000000000444e-01,4.160000000000000046e-12,nan,nan,-8.000000000000000444e-01,1.727000000000000214e-11,-8.000000000000000444e-01,8.350000000000000569e-12,-8.000000000000000444e-01,8.819999999999999980e-12,-8.000000000000000444e-01,8.309999999999999932e-12,-8.000000000000000444e-01,3.230000000000000171e-12,-8.000000000000000444e-01,5.163000000000000679e-11,-8.000000000000000444e-01,5.400000000000000416e-12,-8.000000000000000444e-01,4.830000000000000220e-12
-8.399999999999999689e-01,1.073000000000000133e-11,nan,nan,-8.399999999999999689e-01,2.180000000000000001e-12,-8.399999999999999689e-01,2.279999999999999978e-12,-8.399999999999999689e-01,5.620000000000000691e-12,-8.399999999999999689e-01,8.090000000000001273e-12,-8.399999999999999689e-01,1.358000000000000151e-11,-8.399999999999999689e-01,4.208000000000000487e-11,-8.399999999999999689e-01,9.660000000000000440e-12,-8.399999999999999689e-01,1.002000000000000133e-11
-8.800000000000000044e-01,6.640000000000000787e-12,nan,nan,-8.800000000000000044e-01,4.739000000000000386e-11,-8.800000000000000044e-01,3.000000000000000142e-12,-8.800000000000000044e-01,4.980000000000000187e-12,-8.800000000000000044e-01,1.520000000000000188e-12,-8.800000000000000044e-01,6.070000000000000591e-12,-8.800000000000000044e-01,7.754000000000001089e-11,-8.800000000000000044e-01,1.405000000000000092e-11,-8.800000000000000044e-01,1.921000000000000074e-11
-9.200000000000000400e-01,7.000000000000000465e-13,nan,nan,-9.200000000000000400e-01,7.601000000000000429e-11,-9.200000000000000400e-01,9.840000000000000077e-12,-9.200000000000000400e-01,9.350000000000000347e-12,-9.200000000000000400e-01,1.016000000000000033e-11,-9.200000000000000400e-01,1.300000000000000014e-13,-9.200000000000000400e-01,9.039000000000001046e-11,-9.200000000000000400e-01,8.470000000000000866e-12,-9.200000000000000400e-01,5.090000000000000324e-12
-9.599999999999999645e-01,9.430000000000000006e-12,nan,nan,-9.599999999999999645e-01,9.336000000000000124e-11,-9.599999999999999645e-01,1.021000000000000113e-11,-9.599999999999999645e-01,8.330000000000000250e-12,-9.599999999999999645e-01,6.000000000000000283e-12,-9.599999999999999645e-01,1.079000000000000067e-11,-9.599999999999999645e-01,9.016000000000000195e-11,-9.599999999999999645e-01,2.760000000000000356e-12,-9.599999999999999645e-01,1.312000000000000064e-11
-1.000000000000000000e+00,9.420000000000001462e-12,nan,nan,-1.000000000000000000e+00,3.421000000000000387e-11,-1.000000000000000000e+00,1.160000000000000106e-12,-1.000000000000000000e+00,1.570000000000000176e-12,-1.000000000000000000e+00,1.860000000000000152e-12,-1.000000000000000000e+00,7.120000000000000358e-12,-1.000000000000000000e+00,8.659000000000000808e-11,-1.000000000000000000e+00,1.193000000000000107e-11,-1.000000000000000000e+00,1.617000000000000077e-11
